Elapsed_Time,Earfcn,Connected_BS,FBS_TX_PWR,Distance,PCI,RSRP,source_file
1,875,LBS,65,1,441,-106,iPhone_iPhone_1m_65.csv
2,875,LBS,65,1,441,-107,iPhone_iPhone_1m_65.csv
3,875,LBS,65,1,441,-107,iPhone_iPhone_1m_65.csv
4,875,LBS,65,1,441,-107,iPhone_iPhone_1m_65.csv
5,875,LBS,65,1,441,-107,iPhone_iPhone_1m_65.csv
6,875,LBS,65,1,441,-107,iPhone_iPhone_1m_65.csv
7,875,LBS,65,1,441,-107,iPhone_iPhone_1m_65.csv
8,875,LBS,65,1,441,-107,iPhone_iPhone_1m_65.csv
9,875,LBS,65,1,441,-107,iPhone_iPhone_1m_65.csv
10,875,LBS,65,1,441,-107,iPhone_iPhone_1m_65.csv
11,875,LBS,65,1,441,-107,iPhone_iPhone_1m_65.csv
12,875,LBS,65,1,441,-107,iPhone_iPhone_1m_65.csv
13,875,LBS,65,1,441,-107,iPhone_iPhone_1m_65.csv
14,875,LBS,65,1,441,-107,iPhone_iPhone_1m_65.csv
15,875,LBS,65,1,441,-107,iPhone_iPhone_1m_65.csv
16,875,LBS,65,1,441,-107,iPhone_iPhone_1m_65.csv
17,875,LBS,65,1,441,-107,iPhone_iPhone_1m_65.csv
18,875,LBS,65,1,441,-107,iPhone_iPhone_1m_65.csv
19,875,LBS,65,1,441,-107,iPhone_iPhone_1m_65.csv
20,875,LBS,65,1,441,-107,iPhone_iPhone_1m_65.csv
21,875,LBS,65,1,441,-107,iPhone_iPhone_1m_65.csv
22,875,LBS,65,1,441,-107,iPhone_iPhone_1m_65.csv
23,875,LBS,65,1,441,-107,iPhone_iPhone_1m_65.csv
24,875,LBS,65,1,441,-107,iPhone_iPhone_1m_65.csv
25,875,LBS,65,1,441,-107,iPhone_iPhone_1m_65.csv
26,875,LBS,65,1,441,-107,iPhone_iPhone_1m_65.csv
27,875,LBS,65,1,441,-107,iPhone_iPhone_1m_65.csv
28,875,LBS,65,1,441,-107,iPhone_iPhone_1m_65.csv
29,875,LBS,65,1,441,-107,iPhone_iPhone_1m_65.csv
30,875,LBS,65,1,441,-107,iPhone_iPhone_1m_65.csv
31,875,LBS,65,1,441,-107,iPhone_iPhone_1m_65.csv
32,875,LBS,65,1,441,-107,iPhone_iPhone_1m_65.csv
33,875,LBS,65,1,441,-107,iPhone_iPhone_1m_65.csv
34,875,LBS,65,1,441,-107,iPhone_iPhone_1m_65.csv
35,875,LBS,65,1,441,-107,iPhone_iPhone_1m_65.csv
36,875,LBS,65,1,441,-107,iPhone_iPhone_1m_65.csv
37,875,LBS,65,1,441,-107,iPhone_iPhone_1m_65.csv
38,875,FBS,65,1,1,-105,iPhone_iPhone_1m_65.csv
39,875,FBS,65,1,1,-105,iPhone_iPhone_1m_65.csv
40,875,FBS,65,1,1,-105,iPhone_iPhone_1m_65.csv
41,875,FBS,65,1,1,-105,iPhone_iPhone_1m_65.csv
42,875,FBS,65,1,1,-105,iPhone_iPhone_1m_65.csv
43,875,FBS,65,1,1,-105,iPhone_iPhone_1m_65.csv
44,875,FBS,65,1,1,-105,iPhone_iPhone_1m_65.csv
45,875,FBS,65,1,1,-105,iPhone_iPhone_1m_65.csv
46,875,FBS,65,1,1,-105,iPhone_iPhone_1m_65.csv
47,875,FBS,65,1,1,-105,iPhone_iPhone_1m_65.csv
48,875,FBS,65,1,1,-105,iPhone_iPhone_1m_65.csv
49,875,FBS,65,1,1,-101,iPhone_iPhone_1m_65.csv
50,875,FBS,65,1,1,-101,iPhone_iPhone_1m_65.csv
51,875,FBS,65,1,1,-101,iPhone_iPhone_1m_65.csv
52,875,FBS,65,1,1,-101,iPhone_iPhone_1m_65.csv
53,875,FBS,65,1,1,-101,iPhone_iPhone_1m_65.csv
54,875,FBS,65,1,1,-101,iPhone_iPhone_1m_65.csv
55,875,FBS,65,1,1,-101,iPhone_iPhone_1m_65.csv
56,875,FBS,65,1,1,-101,iPhone_iPhone_1m_65.csv
57,875,FBS,65,1,1,-101,iPhone_iPhone_1m_65.csv
58,875,FBS,65,1,1,-101,iPhone_iPhone_1m_65.csv
59,875,FBS,65,1,1,-101,iPhone_iPhone_1m_65.csv
60,875,FBS,65,1,1,-101,iPhone_iPhone_1m_65.csv
61,875,FBS,65,1,1,-101,iPhone_iPhone_1m_65.csv
62,875,FBS,65,1,1,-101,iPhone_iPhone_1m_65.csv
63,875,FBS,65,1,1,-101,iPhone_iPhone_1m_65.csv
64,875,FBS,65,1,1,-101,iPhone_iPhone_1m_65.csv
65,875,FBS,65,1,1,-101,iPhone_iPhone_1m_65.csv
66,875,FBS,65,1,1,-101,iPhone_iPhone_1m_65.csv
67,875,FBS,65,1,1,-101,iPhone_iPhone_1m_65.csv
68,875,FBS,65,1,1,-101,iPhone_iPhone_1m_65.csv
69,875,FBS,65,1,1,-101,iPhone_iPhone_1m_65.csv
70,875,FBS,65,1,1,-101,iPhone_iPhone_1m_65.csv
71,875,FBS,65,1,1,-101,iPhone_iPhone_1m_65.csv
72,875,FBS,65,1,1,-101,iPhone_iPhone_1m_65.csv
73,875,FBS,65,1,1,-101,iPhone_iPhone_1m_65.csv
74,875,FBS,65,1,1,-101,iPhone_iPhone_1m_65.csv
75,875,FBS,65,1,1,-101,iPhone_iPhone_1m_65.csv
76,875,FBS,65,1,1,-101,iPhone_iPhone_1m_65.csv
77,875,FBS,65,1,1,-101,iPhone_iPhone_1m_65.csv
78,875,FBS,65,1,1,-101,iPhone_iPhone_1m_65.csv
79,875,FBS,65,1,1,-101,iPhone_iPhone_1m_65.csv
80,875,FBS,65,1,1,-101,iPhone_iPhone_1m_65.csv
81,875,FBS,65,1,1,-101,iPhone_iPhone_1m_65.csv
82,875,FBS,65,1,1,-101,iPhone_iPhone_1m_65.csv
83,875,FBS,65,1,1,-101,iPhone_iPhone_1m_65.csv
84,875,FBS,65,1,1,-101,iPhone_iPhone_1m_65.csv
85,875,FBS,65,1,1,-101,iPhone_iPhone_1m_65.csv
86,875,FBS,65,1,1,-101,iPhone_iPhone_1m_65.csv
87,875,FBS,65,1,1,-101,iPhone_iPhone_1m_65.csv
88,875,FBS,65,1,1,-101,iPhone_iPhone_1m_65.csv
89,875,FBS,65,1,1,-101,iPhone_iPhone_1m_65.csv
90,875,FBS,65,1,1,-101,iPhone_iPhone_1m_65.csv
91,875,FBS,65,1,1,-101,iPhone_iPhone_1m_65.csv
92,875,FBS,65,1,1,-101,iPhone_iPhone_1m_65.csv
93,875,FBS,65,1,1,-101,iPhone_iPhone_1m_65.csv
94,875,FBS,65,1,1,-101,iPhone_iPhone_1m_65.csv
95,875,FBS,65,1,1,-101,iPhone_iPhone_1m_65.csv
96,875,FBS,65,1,1,-101,iPhone_iPhone_1m_65.csv
97,875,FBS,65,1,1,-101,iPhone_iPhone_1m_65.csv
98,875,FBS,65,1,1,-101,iPhone_iPhone_1m_65.csv
99,875,FBS,65,1,1,-101,iPhone_iPhone_1m_65.csv
100,875,FBS,65,1,1,-101,iPhone_iPhone_1m_65.csv
101,875,FBS,65,1,1,-101,iPhone_iPhone_1m_65.csv
102,875,FBS,65,1,1,-101,iPhone_iPhone_1m_65.csv
103,875,FBS,65,1,1,-101,iPhone_iPhone_1m_65.csv
104,875,FBS,65,1,1,-101,iPhone_iPhone_1m_65.csv
105,875,FBS,65,1,1,-101,iPhone_iPhone_1m_65.csv
106,875,FBS,65,1,1,-101,iPhone_iPhone_1m_65.csv
107,875,FBS,65,1,1,-101,iPhone_iPhone_1m_65.csv
108,875,FBS,65,1,1,-100,iPhone_iPhone_1m_65.csv
109,875,FBS,65,1,1,-100,iPhone_iPhone_1m_65.csv
110,875,FBS,65,1,1,-100,iPhone_iPhone_1m_65.csv
111,875,FBS,65,1,1,-100,iPhone_iPhone_1m_65.csv
112,875,FBS,65,1,1,-100,iPhone_iPhone_1m_65.csv
113,875,FBS,65,1,1,-100,iPhone_iPhone_1m_65.csv
114,875,FBS,65,1,1,-100,iPhone_iPhone_1m_65.csv
115,875,FBS,65,1,1,-101,iPhone_iPhone_1m_65.csv
116,875,LBS,65,1,441,-101,iPhone_iPhone_1m_65.csv
117,875,LBS,65,1,441,-101,iPhone_iPhone_1m_65.csv
118,875,LBS,65,1,441,-101,iPhone_iPhone_1m_65.csv
119,875,LBS,65,1,441,-101,iPhone_iPhone_1m_65.csv
120,875,LBS,65,1,441,-101,iPhone_iPhone_1m_65.csv
121,875,LBS,65,1,441,-101,iPhone_iPhone_1m_65.csv
122,875,LBS,65,1,441,-101,iPhone_iPhone_1m_65.csv
123,875,LBS,65,1,441,-101,iPhone_iPhone_1m_65.csv
124,875,LBS,65,1,441,-101,iPhone_iPhone_1m_65.csv
125,875,LBS,65,1,441,-101,iPhone_iPhone_1m_65.csv
126,875,LBS,65,1,441,-101,iPhone_iPhone_1m_65.csv
127,875,LBS,65,1,441,-101,iPhone_iPhone_1m_65.csv
128,875,LBS,65,1,441,-101,iPhone_iPhone_1m_65.csv
129,875,LBS,65,1,441,-103,iPhone_iPhone_1m_65.csv
130,875,LBS,65,1,441,-103,iPhone_iPhone_1m_65.csv
131,875,LBS,65,1,441,-103,iPhone_iPhone_1m_65.csv
132,875,LBS,65,1,441,-103,iPhone_iPhone_1m_65.csv
133,875,LBS,65,1,441,-103,iPhone_iPhone_1m_65.csv
134,875,LBS,65,1,441,-103,iPhone_iPhone_1m_65.csv
135,875,LBS,65,1,441,-103,iPhone_iPhone_1m_65.csv
136,875,LBS,65,1,441,-103,iPhone_iPhone_1m_65.csv
137,875,LBS,65,1,441,-103,iPhone_iPhone_1m_65.csv
138,875,LBS,65,1,441,-103,iPhone_iPhone_1m_65.csv
139,875,LBS,65,1,441,-103,iPhone_iPhone_1m_65.csv
140,875,LBS,65,1,441,-103,iPhone_iPhone_1m_65.csv
141,875,LBS,65,1,441,-103,iPhone_iPhone_1m_65.csv
142,875,LBS,65,1,441,-103,iPhone_iPhone_1m_65.csv
143,875,LBS,65,1,441,-103,iPhone_iPhone_1m_65.csv
144,875,LBS,65,1,441,-103,iPhone_iPhone_1m_65.csv
145,875,LBS,65,1,441,-103,iPhone_iPhone_1m_65.csv
146,875,LBS,65,1,441,-103,iPhone_iPhone_1m_65.csv
147,875,LBS,65,1,441,-103,iPhone_iPhone_1m_65.csv
148,875,LBS,65,1,441,-103,iPhone_iPhone_1m_65.csv
149,875,LBS,65,1,441,-103,iPhone_iPhone_1m_65.csv
150,875,LBS,65,1,441,-103,iPhone_iPhone_1m_65.csv
151,875,LBS,65,1,441,-103,iPhone_iPhone_1m_65.csv
152,875,LBS,65,1,441,-103,iPhone_iPhone_1m_65.csv
153,875,LBS,65,1,441,-103,iPhone_iPhone_1m_65.csv
154,875,LBS,65,1,441,-103,iPhone_iPhone_1m_65.csv
155,875,LBS,65,1,441,-103,iPhone_iPhone_1m_65.csv
156,875,LBS,65,1,441,-103,iPhone_iPhone_1m_65.csv
157,875,LBS,65,1,441,-103,iPhone_iPhone_1m_65.csv
158,875,LBS,65,1,441,-103,iPhone_iPhone_1m_65.csv
159,875,LBS,65,1,441,-103,iPhone_iPhone_1m_65.csv
160,875,LBS,65,1,441,-103,iPhone_iPhone_1m_65.csv
161,875,LBS,65,1,441,-103,iPhone_iPhone_1m_65.csv
162,875,LBS,65,1,441,-103,iPhone_iPhone_1m_65.csv
163,875,LBS,65,1,441,-103,iPhone_iPhone_1m_65.csv
164,875,LBS,65,1,441,-103,iPhone_iPhone_1m_65.csv
165,875,LBS,65,1,441,-103,iPhone_iPhone_1m_65.csv
166,875,LBS,65,1,441,-103,iPhone_iPhone_1m_65.csv
167,875,LBS,65,1,441,-103,iPhone_iPhone_1m_65.csv
168,875,LBS,65,1,441,-103,iPhone_iPhone_1m_65.csv
169,875,LBS,65,1,441,-103,iPhone_iPhone_1m_65.csv
170,875,LBS,65,1,441,-103,iPhone_iPhone_1m_65.csv
171,875,LBS,65,1,441,-103,iPhone_iPhone_1m_65.csv
172,875,LBS,65,1,441,-103,iPhone_iPhone_1m_65.csv
173,875,LBS,65,1,441,-103,iPhone_iPhone_1m_65.csv
174,875,LBS,65,1,441,-103,iPhone_iPhone_1m_65.csv
175,875,LBS,65,1,441,-103,iPhone_iPhone_1m_65.csv
176,875,LBS,65,1,441,-103,iPhone_iPhone_1m_65.csv
177,875,LBS,65,1,441,-103,iPhone_iPhone_1m_65.csv
178,875,LBS,65,1,441,-103,iPhone_iPhone_1m_65.csv
179,875,LBS,65,1,441,-103,iPhone_iPhone_1m_65.csv
180,875,LBS,65,1,441,-103,iPhone_iPhone_1m_65.csv
181,875,LBS,65,1,441,-103,iPhone_iPhone_1m_65.csv
182,875,LBS,65,1,441,-103,iPhone_iPhone_1m_65.csv
183,875,LBS,65,1,441,-103,iPhone_iPhone_1m_65.csv
184,875,LBS,65,1,441,-103,iPhone_iPhone_1m_65.csv
185,875,LBS,65,1,441,-103,iPhone_iPhone_1m_65.csv
186,875,LBS,65,1,441,-103,iPhone_iPhone_1m_65.csv
187,875,LBS,65,1,441,-103,iPhone_iPhone_1m_65.csv
188,875,LBS,65,1,441,-103,iPhone_iPhone_1m_65.csv
189,875,LBS,65,1,441,-103,iPhone_iPhone_1m_65.csv
190,875,LBS,65,1,441,-103,iPhone_iPhone_1m_65.csv
191,875,LBS,65,1,441,-103,iPhone_iPhone_1m_65.csv
192,875,LBS,65,1,441,-103,iPhone_iPhone_1m_65.csv
193,875,LBS,65,1,441,-103,iPhone_iPhone_1m_65.csv
194,875,LBS,65,1,441,-103,iPhone_iPhone_1m_65.csv
195,875,LBS,65,1,441,-103,iPhone_iPhone_1m_65.csv
196,875,LBS,65,1,441,-103,iPhone_iPhone_1m_65.csv
197,875,LBS,65,1,441,-103,iPhone_iPhone_1m_65.csv
198,875,LBS,65,1,441,-103,iPhone_iPhone_1m_65.csv
199,875,LBS,65,1,441,-103,iPhone_iPhone_1m_65.csv
200,875,LBS,65,1,441,-103,iPhone_iPhone_1m_65.csv
201,875,LBS,65,1,441,-103,iPhone_iPhone_1m_65.csv
202,875,LBS,65,1,441,-103,iPhone_iPhone_1m_65.csv
203,875,LBS,65,1,441,-103,iPhone_iPhone_1m_65.csv
204,875,LBS,65,1,441,-103,iPhone_iPhone_1m_65.csv
205,875,LBS,65,1,441,-103,iPhone_iPhone_1m_65.csv
206,875,LBS,65,1,441,-103,iPhone_iPhone_1m_65.csv
207,875,LBS,65,1,441,-103,iPhone_iPhone_1m_65.csv
208,875,LBS,65,1,441,-103,iPhone_iPhone_1m_65.csv
209,875,LBS,65,1,441,-103,iPhone_iPhone_1m_65.csv
210,875,LBS,65,1,441,-103,iPhone_iPhone_1m_65.csv
211,875,LBS,65,1,441,-103,iPhone_iPhone_1m_65.csv
212,875,FBS,65,1,1,-106,iPhone_iPhone_1m_65.csv
213,875,FBS,65,1,1,-106,iPhone_iPhone_1m_65.csv
214,875,FBS,65,1,1,-106,iPhone_iPhone_1m_65.csv
215,875,FBS,65,1,1,-106,iPhone_iPhone_1m_65.csv
216,875,FBS,65,1,1,-106,iPhone_iPhone_1m_65.csv
217,875,FBS,65,1,1,-106,iPhone_iPhone_1m_65.csv
218,875,FBS,65,1,1,-106,iPhone_iPhone_1m_65.csv
219,875,FBS,65,1,1,-106,iPhone_iPhone_1m_65.csv
220,875,FBS,65,1,1,-106,iPhone_iPhone_1m_65.csv
221,875,FBS,65,1,1,-106,iPhone_iPhone_1m_65.csv
222,875,FBS,65,1,1,-106,iPhone_iPhone_1m_65.csv
223,875,FBS,65,1,1,-102,iPhone_iPhone_1m_65.csv
224,875,FBS,65,1,1,-102,iPhone_iPhone_1m_65.csv
225,875,FBS,65,1,1,-102,iPhone_iPhone_1m_65.csv
226,875,FBS,65,1,1,-102,iPhone_iPhone_1m_65.csv
227,875,FBS,65,1,1,-102,iPhone_iPhone_1m_65.csv
228,875,FBS,65,1,1,-102,iPhone_iPhone_1m_65.csv
229,875,FBS,65,1,1,-102,iPhone_iPhone_1m_65.csv
230,875,FBS,65,1,1,-102,iPhone_iPhone_1m_65.csv
231,875,FBS,65,1,1,-102,iPhone_iPhone_1m_65.csv
232,875,FBS,65,1,1,-102,iPhone_iPhone_1m_65.csv
233,875,FBS,65,1,1,-102,iPhone_iPhone_1m_65.csv
234,875,FBS,65,1,1,-102,iPhone_iPhone_1m_65.csv
235,875,FBS,65,1,1,-102,iPhone_iPhone_1m_65.csv
236,875,FBS,65,1,1,-102,iPhone_iPhone_1m_65.csv
237,875,FBS,65,1,1,-102,iPhone_iPhone_1m_65.csv
238,875,FBS,65,1,1,-102,iPhone_iPhone_1m_65.csv
239,875,FBS,65,1,1,-102,iPhone_iPhone_1m_65.csv
240,875,FBS,65,1,1,-102,iPhone_iPhone_1m_65.csv
241,875,FBS,65,1,1,-102,iPhone_iPhone_1m_65.csv
242,875,FBS,65,1,1,-102,iPhone_iPhone_1m_65.csv
243,875,FBS,65,1,1,-102,iPhone_iPhone_1m_65.csv
244,875,FBS,65,1,1,-102,iPhone_iPhone_1m_65.csv
245,875,FBS,65,1,1,-102,iPhone_iPhone_1m_65.csv
246,875,FBS,65,1,1,-102,iPhone_iPhone_1m_65.csv
247,875,FBS,65,1,1,-102,iPhone_iPhone_1m_65.csv
248,875,FBS,65,1,1,-104,iPhone_iPhone_1m_65.csv
249,875,LBS,65,1,441,-104,iPhone_iPhone_1m_65.csv
250,875,LBS,65,1,441,-104,iPhone_iPhone_1m_65.csv
251,875,LBS,65,1,441,-104,iPhone_iPhone_1m_65.csv
252,875,LBS,65,1,441,-104,iPhone_iPhone_1m_65.csv
253,875,LBS,65,1,441,-104,iPhone_iPhone_1m_65.csv
254,875,LBS,65,1,441,-104,iPhone_iPhone_1m_65.csv
255,875,LBS,65,1,441,-104,iPhone_iPhone_1m_65.csv
4,875,LBS,70,1,441,-104,iPhone_iPhone_1m_70.csv
5,875,LBS,70,1,441,-104,iPhone_iPhone_1m_70.csv
6,875,LBS,70,1,441,-104,iPhone_iPhone_1m_70.csv
7,875,LBS,70,1,441,-104,iPhone_iPhone_1m_70.csv
8,875,LBS,70,1,441,-104,iPhone_iPhone_1m_70.csv
9,875,LBS,70,1,441,-104,iPhone_iPhone_1m_70.csv
10,875,LBS,70,1,441,-104,iPhone_iPhone_1m_70.csv
11,875,LBS,70,1,441,-104,iPhone_iPhone_1m_70.csv
12,875,LBS,70,1,441,-104,iPhone_iPhone_1m_70.csv
13,875,LBS,70,1,441,-104,iPhone_iPhone_1m_70.csv
14,875,LBS,70,1,441,-104,iPhone_iPhone_1m_70.csv
15,875,LBS,70,1,441,-104,iPhone_iPhone_1m_70.csv
16,875,LBS,70,1,441,-104,iPhone_iPhone_1m_70.csv
17,875,LBS,70,1,441,-104,iPhone_iPhone_1m_70.csv
18,875,LBS,70,1,441,-104,iPhone_iPhone_1m_70.csv
19,875,LBS,70,1,441,-104,iPhone_iPhone_1m_70.csv
20,875,LBS,70,1,441,-104,iPhone_iPhone_1m_70.csv
21,875,LBS,70,1,441,-104,iPhone_iPhone_1m_70.csv
22,875,LBS,70,1,441,-104,iPhone_iPhone_1m_70.csv
23,875,LBS,70,1,441,-104,iPhone_iPhone_1m_70.csv
24,875,LBS,70,1,441,-104,iPhone_iPhone_1m_70.csv
25,875,LBS,70,1,441,-104,iPhone_iPhone_1m_70.csv
26,875,LBS,70,1,441,-104,iPhone_iPhone_1m_70.csv
27,875,LBS,70,1,441,-104,iPhone_iPhone_1m_70.csv
28,875,LBS,70,1,441,-104,iPhone_iPhone_1m_70.csv
29,875,LBS,70,1,441,-104,iPhone_iPhone_1m_70.csv
30,875,LBS,70,1,441,-104,iPhone_iPhone_1m_70.csv
31,875,LBS,70,1,441,-104,iPhone_iPhone_1m_70.csv
32,875,LBS,70,1,441,-104,iPhone_iPhone_1m_70.csv
33,875,LBS,70,1,441,-104,iPhone_iPhone_1m_70.csv
34,875,LBS,70,1,441,-104,iPhone_iPhone_1m_70.csv
35,875,LBS,70,1,441,-104,iPhone_iPhone_1m_70.csv
36,875,LBS,70,1,441,-104,iPhone_iPhone_1m_70.csv
48,875,FBS,70,1,1,-99,iPhone_iPhone_1m_70.csv
49,875,FBS,70,1,1,-99,iPhone_iPhone_1m_70.csv
50,875,FBS,70,1,1,-99,iPhone_iPhone_1m_70.csv
51,875,FBS,70,1,1,-99,iPhone_iPhone_1m_70.csv
52,875,FBS,70,1,1,-99,iPhone_iPhone_1m_70.csv
53,875,FBS,70,1,1,-99,iPhone_iPhone_1m_70.csv
54,875,FBS,70,1,1,-99,iPhone_iPhone_1m_70.csv
55,875,FBS,70,1,1,-99,iPhone_iPhone_1m_70.csv
56,875,FBS,70,1,1,-99,iPhone_iPhone_1m_70.csv
57,875,FBS,70,1,1,-99,iPhone_iPhone_1m_70.csv
58,875,FBS,70,1,1,-99,iPhone_iPhone_1m_70.csv
59,875,FBS,70,1,1,-99,iPhone_iPhone_1m_70.csv
60,875,FBS,70,1,1,-99,iPhone_iPhone_1m_70.csv
61,875,FBS,70,1,1,-99,iPhone_iPhone_1m_70.csv
62,875,FBS,70,1,1,-97,iPhone_iPhone_1m_70.csv
63,875,FBS,70,1,1,-97,iPhone_iPhone_1m_70.csv
64,875,FBS,70,1,1,-97,iPhone_iPhone_1m_70.csv
65,875,FBS,70,1,1,-97,iPhone_iPhone_1m_70.csv
66,875,FBS,70,1,1,-97,iPhone_iPhone_1m_70.csv
67,875,FBS,70,1,1,-97,iPhone_iPhone_1m_70.csv
68,875,FBS,70,1,1,-97,iPhone_iPhone_1m_70.csv
69,875,FBS,70,1,1,-97,iPhone_iPhone_1m_70.csv
70,875,FBS,70,1,1,-97,iPhone_iPhone_1m_70.csv
71,875,FBS,70,1,1,-97,iPhone_iPhone_1m_70.csv
72,875,FBS,70,1,1,-97,iPhone_iPhone_1m_70.csv
73,875,FBS,70,1,1,-97,iPhone_iPhone_1m_70.csv
74,875,FBS,70,1,1,-97,iPhone_iPhone_1m_70.csv
75,875,FBS,70,1,1,-97,iPhone_iPhone_1m_70.csv
76,875,FBS,70,1,1,-97,iPhone_iPhone_1m_70.csv
77,875,FBS,70,1,1,-97,iPhone_iPhone_1m_70.csv
78,875,FBS,70,1,1,-97,iPhone_iPhone_1m_70.csv
79,875,FBS,70,1,1,-97,iPhone_iPhone_1m_70.csv
80,875,FBS,70,1,1,-97,iPhone_iPhone_1m_70.csv
81,875,FBS,70,1,1,-97,iPhone_iPhone_1m_70.csv
82,875,FBS,70,1,1,-97,iPhone_iPhone_1m_70.csv
83,875,FBS,70,1,1,-97,iPhone_iPhone_1m_70.csv
84,875,FBS,70,1,1,-97,iPhone_iPhone_1m_70.csv
85,875,FBS,70,1,1,-97,iPhone_iPhone_1m_70.csv
86,875,FBS,70,1,1,-97,iPhone_iPhone_1m_70.csv
87,875,FBS,70,1,1,-97,iPhone_iPhone_1m_70.csv
88,875,FBS,70,1,1,-102,iPhone_iPhone_1m_70.csv
89,875,FBS,70,1,1,-102,iPhone_iPhone_1m_70.csv
90,875,FBS,70,1,1,-102,iPhone_iPhone_1m_70.csv
91,875,FBS,70,1,1,-102,iPhone_iPhone_1m_70.csv
92,875,FBS,70,1,1,-102,iPhone_iPhone_1m_70.csv
93,875,FBS,70,1,1,-102,iPhone_iPhone_1m_70.csv
94,875,FBS,70,1,1,-102,iPhone_iPhone_1m_70.csv
95,875,FBS,70,1,1,-102,iPhone_iPhone_1m_70.csv
96,875,FBS,70,1,1,-102,iPhone_iPhone_1m_70.csv
97,875,FBS,70,1,1,-102,iPhone_iPhone_1m_70.csv
98,875,FBS,70,1,1,-102,iPhone_iPhone_1m_70.csv
99,875,FBS,70,1,1,-102,iPhone_iPhone_1m_70.csv
100,875,FBS,70,1,1,-102,iPhone_iPhone_1m_70.csv
101,875,FBS,70,1,1,-102,iPhone_iPhone_1m_70.csv
102,875,FBS,70,1,1,-102,iPhone_iPhone_1m_70.csv
103,875,FBS,70,1,1,-102,iPhone_iPhone_1m_70.csv
104,875,FBS,70,1,1,-102,iPhone_iPhone_1m_70.csv
105,875,FBS,70,1,1,-102,iPhone_iPhone_1m_70.csv
106,875,FBS,70,1,1,-102,iPhone_iPhone_1m_70.csv
107,875,FBS,70,1,1,-102,iPhone_iPhone_1m_70.csv
108,875,FBS,70,1,1,-102,iPhone_iPhone_1m_70.csv
109,875,FBS,70,1,1,-102,iPhone_iPhone_1m_70.csv
110,875,FBS,70,1,1,-102,iPhone_iPhone_1m_70.csv
111,875,FBS,70,1,1,-102,iPhone_iPhone_1m_70.csv
112,875,FBS,70,1,1,-102,iPhone_iPhone_1m_70.csv
113,875,FBS,70,1,1,-99,iPhone_iPhone_1m_70.csv
114,875,FBS,70,1,1,-99,iPhone_iPhone_1m_70.csv
115,875,FBS,70,1,1,-99,iPhone_iPhone_1m_70.csv
116,875,FBS,70,1,1,-99,iPhone_iPhone_1m_70.csv
117,875,FBS,70,1,1,-99,iPhone_iPhone_1m_70.csv
118,875,FBS,70,1,1,-99,iPhone_iPhone_1m_70.csv
119,875,FBS,70,1,1,-99,iPhone_iPhone_1m_70.csv
120,875,FBS,70,1,1,-99,iPhone_iPhone_1m_70.csv
121,875,FBS,70,1,1,-99,iPhone_iPhone_1m_70.csv
122,875,FBS,70,1,1,-99,iPhone_iPhone_1m_70.csv
123,875,FBS,70,1,1,-99,iPhone_iPhone_1m_70.csv
124,875,FBS,70,1,1,-99,iPhone_iPhone_1m_70.csv
125,875,FBS,70,1,1,-99,iPhone_iPhone_1m_70.csv
126,875,FBS,70,1,1,-99,iPhone_iPhone_1m_70.csv
127,875,FBS,70,1,1,-99,iPhone_iPhone_1m_70.csv
128,875,FBS,70,1,1,-99,iPhone_iPhone_1m_70.csv
129,875,FBS,70,1,1,-99,iPhone_iPhone_1m_70.csv
130,875,FBS,70,1,1,-97,iPhone_iPhone_1m_70.csv
131,875,LBS,70,1,441,-97,iPhone_iPhone_1m_70.csv
132,875,LBS,70,1,441,-97,iPhone_iPhone_1m_70.csv
133,875,LBS,70,1,441,-97,iPhone_iPhone_1m_70.csv
134,875,LBS,70,1,441,-97,iPhone_iPhone_1m_70.csv
135,875,LBS,70,1,441,-97,iPhone_iPhone_1m_70.csv
136,875,LBS,70,1,441,-97,iPhone_iPhone_1m_70.csv
137,875,LBS,70,1,441,-97,iPhone_iPhone_1m_70.csv
138,875,LBS,70,1,441,-97,iPhone_iPhone_1m_70.csv
139,875,LBS,70,1,441,-97,iPhone_iPhone_1m_70.csv
140,875,LBS,70,1,441,-97,iPhone_iPhone_1m_70.csv
141,875,LBS,70,1,441,-97,iPhone_iPhone_1m_70.csv
142,875,LBS,70,1,441,-106,iPhone_iPhone_1m_70.csv
143,875,LBS,70,1,441,-106,iPhone_iPhone_1m_70.csv
144,875,LBS,70,1,441,-106,iPhone_iPhone_1m_70.csv
145,875,LBS,70,1,441,-106,iPhone_iPhone_1m_70.csv
146,875,LBS,70,1,441,-106,iPhone_iPhone_1m_70.csv
147,875,LBS,70,1,441,-106,iPhone_iPhone_1m_70.csv
148,875,LBS,70,1,441,-106,iPhone_iPhone_1m_70.csv
149,875,LBS,70,1,441,-106,iPhone_iPhone_1m_70.csv
150,875,LBS,70,1,441,-106,iPhone_iPhone_1m_70.csv
151,875,LBS,70,1,441,-106,iPhone_iPhone_1m_70.csv
152,875,LBS,70,1,441,-106,iPhone_iPhone_1m_70.csv
153,875,LBS,70,1,441,-106,iPhone_iPhone_1m_70.csv
154,875,LBS,70,1,441,-106,iPhone_iPhone_1m_70.csv
155,875,LBS,70,1,441,-106,iPhone_iPhone_1m_70.csv
156,875,LBS,70,1,441,-106,iPhone_iPhone_1m_70.csv
157,875,LBS,70,1,441,-106,iPhone_iPhone_1m_70.csv
158,875,LBS,70,1,441,-106,iPhone_iPhone_1m_70.csv
159,875,LBS,70,1,441,-106,iPhone_iPhone_1m_70.csv
160,875,LBS,70,1,441,-106,iPhone_iPhone_1m_70.csv
161,875,LBS,70,1,441,-106,iPhone_iPhone_1m_70.csv
162,875,LBS,70,1,441,-106,iPhone_iPhone_1m_70.csv
163,875,LBS,70,1,441,-106,iPhone_iPhone_1m_70.csv
164,875,LBS,70,1,441,-106,iPhone_iPhone_1m_70.csv
165,875,LBS,70,1,441,-106,iPhone_iPhone_1m_70.csv
166,875,LBS,70,1,441,-106,iPhone_iPhone_1m_70.csv
167,875,LBS,70,1,441,-106,iPhone_iPhone_1m_70.csv
168,875,LBS,70,1,441,-106,iPhone_iPhone_1m_70.csv
169,875,LBS,70,1,441,-106,iPhone_iPhone_1m_70.csv
170,875,LBS,70,1,441,-106,iPhone_iPhone_1m_70.csv
171,875,LBS,70,1,441,-106,iPhone_iPhone_1m_70.csv
172,875,LBS,70,1,441,-106,iPhone_iPhone_1m_70.csv
173,875,LBS,70,1,441,-106,iPhone_iPhone_1m_70.csv
174,875,LBS,70,1,441,-106,iPhone_iPhone_1m_70.csv
175,875,LBS,70,1,441,-106,iPhone_iPhone_1m_70.csv
176,875,LBS,70,1,441,-106,iPhone_iPhone_1m_70.csv
177,875,LBS,70,1,441,-106,iPhone_iPhone_1m_70.csv
178,875,LBS,70,1,441,-106,iPhone_iPhone_1m_70.csv
179,875,LBS,70,1,441,-106,iPhone_iPhone_1m_70.csv
180,875,LBS,70,1,441,-106,iPhone_iPhone_1m_70.csv
181,875,LBS,70,1,441,-106,iPhone_iPhone_1m_70.csv
182,875,LBS,70,1,441,-106,iPhone_iPhone_1m_70.csv
183,875,LBS,70,1,441,-106,iPhone_iPhone_1m_70.csv
184,875,LBS,70,1,441,-106,iPhone_iPhone_1m_70.csv
185,875,LBS,70,1,441,-106,iPhone_iPhone_1m_70.csv
186,875,LBS,70,1,441,-106,iPhone_iPhone_1m_70.csv
187,875,LBS,70,1,441,-106,iPhone_iPhone_1m_70.csv
188,875,LBS,70,1,441,-106,iPhone_iPhone_1m_70.csv
189,875,LBS,70,1,441,-106,iPhone_iPhone_1m_70.csv
190,875,LBS,70,1,441,-106,iPhone_iPhone_1m_70.csv
191,875,LBS,70,1,441,-106,iPhone_iPhone_1m_70.csv
192,875,LBS,70,1,441,-106,iPhone_iPhone_1m_70.csv
193,875,LBS,70,1,441,-106,iPhone_iPhone_1m_70.csv
194,875,LBS,70,1,441,-106,iPhone_iPhone_1m_70.csv
195,875,LBS,70,1,441,-106,iPhone_iPhone_1m_70.csv
196,875,LBS,70,1,441,-106,iPhone_iPhone_1m_70.csv
197,875,LBS,70,1,441,-106,iPhone_iPhone_1m_70.csv
198,875,LBS,70,1,441,-106,iPhone_iPhone_1m_70.csv
199,875,LBS,70,1,441,-106,iPhone_iPhone_1m_70.csv
200,875,LBS,70,1,441,-106,iPhone_iPhone_1m_70.csv
201,875,LBS,70,1,441,-106,iPhone_iPhone_1m_70.csv
202,875,LBS,70,1,441,-106,iPhone_iPhone_1m_70.csv
203,875,LBS,70,1,441,-106,iPhone_iPhone_1m_70.csv
204,875,LBS,70,1,441,-106,iPhone_iPhone_1m_70.csv
205,875,LBS,70,1,441,-106,iPhone_iPhone_1m_70.csv
206,875,LBS,70,1,441,-106,iPhone_iPhone_1m_70.csv
207,875,LBS,70,1,441,-106,iPhone_iPhone_1m_70.csv
208,875,LBS,70,1,441,-106,iPhone_iPhone_1m_70.csv
209,875,LBS,70,1,441,-106,iPhone_iPhone_1m_70.csv
210,875,LBS,70,1,441,-106,iPhone_iPhone_1m_70.csv
211,875,LBS,70,1,441,-106,iPhone_iPhone_1m_70.csv
212,875,LBS,70,1,441,-106,iPhone_iPhone_1m_70.csv
213,875,LBS,70,1,441,-106,iPhone_iPhone_1m_70.csv
214,875,LBS,70,1,441,-106,iPhone_iPhone_1m_70.csv
215,875,LBS,70,1,441,-106,iPhone_iPhone_1m_70.csv
216,875,LBS,70,1,441,-106,iPhone_iPhone_1m_70.csv
217,875,LBS,70,1,441,-106,iPhone_iPhone_1m_70.csv
218,875,LBS,70,1,441,-106,iPhone_iPhone_1m_70.csv
219,875,LBS,70,1,441,-106,iPhone_iPhone_1m_70.csv
220,875,LBS,70,1,441,-106,iPhone_iPhone_1m_70.csv
221,875,LBS,70,1,441,-106,iPhone_iPhone_1m_70.csv
222,875,LBS,70,1,441,-106,iPhone_iPhone_1m_70.csv
223,875,LBS,70,1,441,-106,iPhone_iPhone_1m_70.csv
224,875,LBS,70,1,441,-106,iPhone_iPhone_1m_70.csv
225,875,LBS,70,1,441,-106,iPhone_iPhone_1m_70.csv
226,875,LBS,70,1,441,-106,iPhone_iPhone_1m_70.csv
227,875,LBS,70,1,441,-106,iPhone_iPhone_1m_70.csv
228,875,LBS,70,1,441,-106,iPhone_iPhone_1m_70.csv
229,875,LBS,70,1,441,-106,iPhone_iPhone_1m_70.csv
230,875,LBS,70,1,441,-106,iPhone_iPhone_1m_70.csv
231,875,LBS,70,1,441,-106,iPhone_iPhone_1m_70.csv
232,875,LBS,70,1,441,-106,iPhone_iPhone_1m_70.csv
233,875,LBS,70,1,441,-106,iPhone_iPhone_1m_70.csv
234,875,LBS,70,1,441,-106,iPhone_iPhone_1m_70.csv
235,875,LBS,70,1,441,-106,iPhone_iPhone_1m_70.csv
247,875,FBS,70,1,1,-95,iPhone_iPhone_1m_70.csv
248,875,FBS,70,1,1,-95,iPhone_iPhone_1m_70.csv
264,875,FBS,70,1,1,-94,iPhone_iPhone_1m_70.csv
265,875,LBS,70,1,441,-94,iPhone_iPhone_1m_70.csv
266,875,LBS,70,1,441,-94,iPhone_iPhone_1m_70.csv
267,875,LBS,70,1,441,-94,iPhone_iPhone_1m_70.csv
268,875,LBS,70,1,441,-94,iPhone_iPhone_1m_70.csv
269,875,LBS,70,1,441,-94,iPhone_iPhone_1m_70.csv
270,875,LBS,70,1,441,-94,iPhone_iPhone_1m_70.csv
271,875,LBS,70,1,441,-94,iPhone_iPhone_1m_70.csv
272,875,LBS,70,1,441,-94,iPhone_iPhone_1m_70.csv
273,875,LBS,70,1,441,-94,iPhone_iPhone_1m_70.csv
274,875,LBS,70,1,441,-94,iPhone_iPhone_1m_70.csv
275,875,LBS,70,1,441,-94,iPhone_iPhone_1m_70.csv
276,875,LBS,70,1,441,-94,iPhone_iPhone_1m_70.csv
277,875,LBS,70,1,441,-105,iPhone_iPhone_1m_70.csv
278,875,LBS,70,1,441,-105,iPhone_iPhone_1m_70.csv
279,875,LBS,70,1,441,-105,iPhone_iPhone_1m_70.csv
280,875,LBS,70,1,441,-105,iPhone_iPhone_1m_70.csv
287,875,FBS,70,1,1,-96,iPhone_iPhone_1m_70.csv
288,875,LBS,70,1,441,-96,iPhone_iPhone_1m_70.csv
289,875,LBS,70,1,441,-96,iPhone_iPhone_1m_70.csv
290,875,LBS,70,1,441,-96,iPhone_iPhone_1m_70.csv
291,875,LBS,70,1,441,-96,iPhone_iPhone_1m_70.csv
1,875,LBS,75,1,441,-104,iPhone_iPhone_1m_75.csv
2,875,LBS,75,1,441,-104,iPhone_iPhone_1m_75.csv
3,875,LBS,75,1,441,-104,iPhone_iPhone_1m_75.csv
4,875,LBS,75,1,441,-104,iPhone_iPhone_1m_75.csv
5,875,LBS,75,1,441,-104,iPhone_iPhone_1m_75.csv
6,875,LBS,75,1,441,-104,iPhone_iPhone_1m_75.csv
7,875,LBS,75,1,441,-104,iPhone_iPhone_1m_75.csv
8,875,LBS,75,1,441,-104,iPhone_iPhone_1m_75.csv
9,875,LBS,75,1,441,-104,iPhone_iPhone_1m_75.csv
10,875,LBS,75,1,441,-104,iPhone_iPhone_1m_75.csv
11,875,LBS,75,1,441,-103,iPhone_iPhone_1m_75.csv
12,875,LBS,75,1,441,-103,iPhone_iPhone_1m_75.csv
13,875,LBS,75,1,441,-103,iPhone_iPhone_1m_75.csv
14,875,LBS,75,1,441,-103,iPhone_iPhone_1m_75.csv
15,875,LBS,75,1,441,-103,iPhone_iPhone_1m_75.csv
17,875,LBS,75,1,441,-103,iPhone_iPhone_1m_75.csv
18,875,LBS,75,1,441,-103,iPhone_iPhone_1m_75.csv
19,875,LBS,75,1,441,-103,iPhone_iPhone_1m_75.csv
20,875,LBS,75,1,441,-103,iPhone_iPhone_1m_75.csv
21,875,LBS,75,1,441,-103,iPhone_iPhone_1m_75.csv
22,875,LBS,75,1,441,-103,iPhone_iPhone_1m_75.csv
23,875,LBS,75,1,441,-103,iPhone_iPhone_1m_75.csv
24,875,LBS,75,1,441,-103,iPhone_iPhone_1m_75.csv
25,875,LBS,75,1,441,-103,iPhone_iPhone_1m_75.csv
26,875,LBS,75,1,441,-103,iPhone_iPhone_1m_75.csv
27,875,LBS,75,1,441,-103,iPhone_iPhone_1m_75.csv
28,875,LBS,75,1,441,-103,iPhone_iPhone_1m_75.csv
29,875,LBS,75,1,441,-103,iPhone_iPhone_1m_75.csv
30,875,LBS,75,1,441,-103,iPhone_iPhone_1m_75.csv
31,875,LBS,75,1,441,-103,iPhone_iPhone_1m_75.csv
32,875,LBS,75,1,441,-103,iPhone_iPhone_1m_75.csv
33,875,LBS,75,1,441,-103,iPhone_iPhone_1m_75.csv
34,875,LBS,75,1,441,-103,iPhone_iPhone_1m_75.csv
35,875,LBS,75,1,441,-103,iPhone_iPhone_1m_75.csv
36,875,LBS,75,1,441,-103,iPhone_iPhone_1m_75.csv
37,875,LBS,75,1,441,-103,iPhone_iPhone_1m_75.csv
38,875,LBS,75,1,441,-103,iPhone_iPhone_1m_75.csv
39,875,LBS,75,1,441,-103,iPhone_iPhone_1m_75.csv
40,875,LBS,75,1,441,-103,iPhone_iPhone_1m_75.csv
41,875,LBS,75,1,441,-103,iPhone_iPhone_1m_75.csv
42,875,LBS,75,1,441,-103,iPhone_iPhone_1m_75.csv
43,875,LBS,75,1,441,-103,iPhone_iPhone_1m_75.csv
44,875,LBS,75,1,441,-103,iPhone_iPhone_1m_75.csv
45,875,LBS,75,1,441,-103,iPhone_iPhone_1m_75.csv
46,875,LBS,75,1,441,-103,iPhone_iPhone_1m_75.csv
47,875,LBS,75,1,441,-103,iPhone_iPhone_1m_75.csv
48,875,LBS,75,1,441,-103,iPhone_iPhone_1m_75.csv
49,875,LBS,75,1,441,-103,iPhone_iPhone_1m_75.csv
50,875,LBS,75,1,441,-103,iPhone_iPhone_1m_75.csv
51,875,LBS,75,1,441,-103,iPhone_iPhone_1m_75.csv
52,875,LBS,75,1,441,-103,iPhone_iPhone_1m_75.csv
53,875,LBS,75,1,441,-103,iPhone_iPhone_1m_75.csv
54,875,LBS,75,1,441,-103,iPhone_iPhone_1m_75.csv
55,875,LBS,75,1,441,-103,iPhone_iPhone_1m_75.csv
56,875,LBS,75,1,441,-103,iPhone_iPhone_1m_75.csv
57,875,LBS,75,1,441,-103,iPhone_iPhone_1m_75.csv
58,875,LBS,75,1,441,-103,iPhone_iPhone_1m_75.csv
59,875,LBS,75,1,441,-103,iPhone_iPhone_1m_75.csv
60,875,LBS,75,1,441,-103,iPhone_iPhone_1m_75.csv
61,875,LBS,75,1,441,-103,iPhone_iPhone_1m_75.csv
62,875,LBS,75,1,441,-103,iPhone_iPhone_1m_75.csv
63,875,LBS,75,1,441,-103,iPhone_iPhone_1m_75.csv
64,875,LBS,75,1,441,-103,iPhone_iPhone_1m_75.csv
65,875,LBS,75,1,441,-103,iPhone_iPhone_1m_75.csv
66,875,LBS,75,1,441,-103,iPhone_iPhone_1m_75.csv
67,875,LBS,75,1,441,-103,iPhone_iPhone_1m_75.csv
68,875,LBS,75,1,441,-103,iPhone_iPhone_1m_75.csv
69,875,LBS,75,1,441,-103,iPhone_iPhone_1m_75.csv
70,875,LBS,75,1,441,-103,iPhone_iPhone_1m_75.csv
71,875,LBS,75,1,441,-104,iPhone_iPhone_1m_75.csv
72,875,LBS,75,1,441,-104,iPhone_iPhone_1m_75.csv
73,875,LBS,75,1,441,-104,iPhone_iPhone_1m_75.csv
74,875,LBS,75,1,441,-104,iPhone_iPhone_1m_75.csv
86,875,FBS,75,1,1,-88,iPhone_iPhone_1m_75.csv
87,875,FBS,75,1,1,-88,iPhone_iPhone_1m_75.csv
88,875,FBS,75,1,1,-88,iPhone_iPhone_1m_75.csv
89,875,FBS,75,1,1,-88,iPhone_iPhone_1m_75.csv
90,875,FBS,75,1,1,-88,iPhone_iPhone_1m_75.csv
91,875,FBS,75,1,1,-88,iPhone_iPhone_1m_75.csv
92,875,FBS,75,1,1,-88,iPhone_iPhone_1m_75.csv
93,875,FBS,75,1,1,-90,iPhone_iPhone_1m_75.csv
94,875,FBS,75,1,1,-90,iPhone_iPhone_1m_75.csv
95,875,FBS,75,1,1,-90,iPhone_iPhone_1m_75.csv
96,875,FBS,75,1,1,-90,iPhone_iPhone_1m_75.csv
97,875,FBS,75,1,1,-90,iPhone_iPhone_1m_75.csv
98,875,FBS,75,1,1,-90,iPhone_iPhone_1m_75.csv
99,875,FBS,75,1,1,-90,iPhone_iPhone_1m_75.csv
100,875,FBS,75,1,1,-90,iPhone_iPhone_1m_75.csv
101,875,FBS,75,1,1,-90,iPhone_iPhone_1m_75.csv
102,875,FBS,75,1,1,-90,iPhone_iPhone_1m_75.csv
103,875,FBS,75,1,1,-90,iPhone_iPhone_1m_75.csv
104,875,FBS,75,1,1,-90,iPhone_iPhone_1m_75.csv
105,875,FBS,75,1,1,-90,iPhone_iPhone_1m_75.csv
106,875,FBS,75,1,1,-90,iPhone_iPhone_1m_75.csv
107,875,FBS,75,1,1,-90,iPhone_iPhone_1m_75.csv
108,875,FBS,75,1,1,-90,iPhone_iPhone_1m_75.csv
109,875,FBS,75,1,1,-92,iPhone_iPhone_1m_75.csv
110,875,LBS,75,1,441,-92,iPhone_iPhone_1m_75.csv
111,875,LBS,75,1,441,-92,iPhone_iPhone_1m_75.csv
112,875,LBS,75,1,441,-92,iPhone_iPhone_1m_75.csv
113,875,LBS,75,1,441,-92,iPhone_iPhone_1m_75.csv
114,875,LBS,75,1,441,-92,iPhone_iPhone_1m_75.csv
115,875,LBS,75,1,441,-92,iPhone_iPhone_1m_75.csv
116,875,LBS,75,1,441,-92,iPhone_iPhone_1m_75.csv
117,875,LBS,75,1,441,-92,iPhone_iPhone_1m_75.csv
118,875,LBS,75,1,441,-92,iPhone_iPhone_1m_75.csv
119,875,LBS,75,1,441,-92,iPhone_iPhone_1m_75.csv
120,875,LBS,75,1,441,-92,iPhone_iPhone_1m_75.csv
121,875,LBS,75,1,441,-92,iPhone_iPhone_1m_75.csv
122,875,LBS,75,1,441,-92,iPhone_iPhone_1m_75.csv
123,875,LBS,75,1,441,-92,iPhone_iPhone_1m_75.csv
124,875,LBS,75,1,441,-92,iPhone_iPhone_1m_75.csv
125,875,LBS,75,1,441,-92,iPhone_iPhone_1m_75.csv
126,875,LBS,75,1,441,-92,iPhone_iPhone_1m_75.csv
127,875,LBS,75,1,441,-92,iPhone_iPhone_1m_75.csv
128,875,LBS,75,1,441,-92,iPhone_iPhone_1m_75.csv
129,875,LBS,75,1,441,-92,iPhone_iPhone_1m_75.csv
130,875,LBS,75,1,441,-92,iPhone_iPhone_1m_75.csv
131,875,LBS,75,1,441,-92,iPhone_iPhone_1m_75.csv
132,875,LBS,75,1,441,-92,iPhone_iPhone_1m_75.csv
133,875,LBS,75,1,441,-92,iPhone_iPhone_1m_75.csv
134,875,LBS,75,1,441,-92,iPhone_iPhone_1m_75.csv
135,875,LBS,75,1,441,-92,iPhone_iPhone_1m_75.csv
136,875,LBS,75,1,441,-92,iPhone_iPhone_1m_75.csv
137,875,LBS,75,1,441,-104,iPhone_iPhone_1m_75.csv
138,875,LBS,75,1,441,-104,iPhone_iPhone_1m_75.csv
139,875,LBS,75,1,441,-104,iPhone_iPhone_1m_75.csv
140,875,LBS,75,1,441,-104,iPhone_iPhone_1m_75.csv
141,875,LBS,75,1,441,-104,iPhone_iPhone_1m_75.csv
142,875,LBS,75,1,441,-104,iPhone_iPhone_1m_75.csv
153,875,FBS,75,1,1,-90,iPhone_iPhone_1m_75.csv
154,875,FBS,75,1,1,-90,iPhone_iPhone_1m_75.csv
155,875,FBS,75,1,1,-90,iPhone_iPhone_1m_75.csv
156,875,FBS,75,1,1,-90,iPhone_iPhone_1m_75.csv
157,875,FBS,75,1,1,-90,iPhone_iPhone_1m_75.csv
158,875,FBS,75,1,1,-90,iPhone_iPhone_1m_75.csv
159,875,FBS,75,1,1,-90,iPhone_iPhone_1m_75.csv
160,875,FBS,75,1,1,-90,iPhone_iPhone_1m_75.csv
161,875,FBS,75,1,1,-90,iPhone_iPhone_1m_75.csv
162,875,FBS,75,1,1,-90,iPhone_iPhone_1m_75.csv
163,875,FBS,75,1,1,-90,iPhone_iPhone_1m_75.csv
164,875,FBS,75,1,1,-90,iPhone_iPhone_1m_75.csv
165,875,FBS,75,1,1,-90,iPhone_iPhone_1m_75.csv
166,875,FBS,75,1,1,-90,iPhone_iPhone_1m_75.csv
167,875,FBS,75,1,1,-90,iPhone_iPhone_1m_75.csv
168,875,FBS,75,1,1,-90,iPhone_iPhone_1m_75.csv
169,875,FBS,75,1,1,-90,iPhone_iPhone_1m_75.csv
170,875,FBS,75,1,1,-90,iPhone_iPhone_1m_75.csv
171,875,FBS,75,1,1,-90,iPhone_iPhone_1m_75.csv
172,875,FBS,75,1,1,-90,iPhone_iPhone_1m_75.csv
173,875,FBS,75,1,1,-90,iPhone_iPhone_1m_75.csv
174,875,FBS,75,1,1,-90,iPhone_iPhone_1m_75.csv
175,875,FBS,75,1,1,-90,iPhone_iPhone_1m_75.csv
176,875,FBS,75,1,1,-90,iPhone_iPhone_1m_75.csv
177,875,FBS,75,1,1,-90,iPhone_iPhone_1m_75.csv
178,875,FBS,75,1,1,-90,iPhone_iPhone_1m_75.csv
179,875,FBS,75,1,1,-90,iPhone_iPhone_1m_75.csv
180,875,FBS,75,1,1,-90,iPhone_iPhone_1m_75.csv
181,875,FBS,75,1,1,-90,iPhone_iPhone_1m_75.csv
182,875,FBS,75,1,1,-90,iPhone_iPhone_1m_75.csv
183,875,FBS,75,1,1,-90,iPhone_iPhone_1m_75.csv
184,875,FBS,75,1,1,-90,iPhone_iPhone_1m_75.csv
185,875,FBS,75,1,1,-90,iPhone_iPhone_1m_75.csv
186,875,FBS,75,1,1,-90,iPhone_iPhone_1m_75.csv
187,875,FBS,75,1,1,-90,iPhone_iPhone_1m_75.csv
188,875,FBS,75,1,1,-90,iPhone_iPhone_1m_75.csv
189,875,FBS,75,1,1,-90,iPhone_iPhone_1m_75.csv
190,875,FBS,75,1,1,-90,iPhone_iPhone_1m_75.csv
191,875,FBS,75,1,1,-90,iPhone_iPhone_1m_75.csv
192,875,FBS,75,1,1,-91,iPhone_iPhone_1m_75.csv
193,875,FBS,75,1,1,-91,iPhone_iPhone_1m_75.csv
194,875,FBS,75,1,1,-91,iPhone_iPhone_1m_75.csv
195,875,FBS,75,1,1,-91,iPhone_iPhone_1m_75.csv
196,875,FBS,75,1,1,-91,iPhone_iPhone_1m_75.csv
197,875,FBS,75,1,1,-91,iPhone_iPhone_1m_75.csv
198,875,FBS,75,1,1,-91,iPhone_iPhone_1m_75.csv
199,875,FBS,75,1,1,-91,iPhone_iPhone_1m_75.csv
200,875,FBS,75,1,1,-91,iPhone_iPhone_1m_75.csv
201,875,FBS,75,1,1,-91,iPhone_iPhone_1m_75.csv
202,875,FBS,75,1,1,-91,iPhone_iPhone_1m_75.csv
203,875,FBS,75,1,1,-91,iPhone_iPhone_1m_75.csv
204,875,FBS,75,1,1,-91,iPhone_iPhone_1m_75.csv
205,875,FBS,75,1,1,-91,iPhone_iPhone_1m_75.csv
206,875,FBS,75,1,1,-91,iPhone_iPhone_1m_75.csv
207,875,FBS,75,1,1,-91,iPhone_iPhone_1m_75.csv
208,875,FBS,75,1,1,-91,iPhone_iPhone_1m_75.csv
209,875,FBS,75,1,1,-91,iPhone_iPhone_1m_75.csv
210,875,FBS,75,1,1,-91,iPhone_iPhone_1m_75.csv
211,875,FBS,75,1,1,-91,iPhone_iPhone_1m_75.csv
212,875,FBS,75,1,1,-91,iPhone_iPhone_1m_75.csv
213,875,FBS,75,1,1,-91,iPhone_iPhone_1m_75.csv
214,875,FBS,75,1,1,-91,iPhone_iPhone_1m_75.csv
215,875,FBS,75,1,1,-91,iPhone_iPhone_1m_75.csv
216,875,FBS,75,1,1,-91,iPhone_iPhone_1m_75.csv
217,875,FBS,75,1,1,-91,iPhone_iPhone_1m_75.csv
218,875,FBS,75,1,1,-91,iPhone_iPhone_1m_75.csv
219,875,FBS,75,1,1,-91,iPhone_iPhone_1m_75.csv
220,875,FBS,75,1,1,-91,iPhone_iPhone_1m_75.csv
221,875,FBS,75,1,1,-91,iPhone_iPhone_1m_75.csv
222,875,FBS,75,1,1,-91,iPhone_iPhone_1m_75.csv
223,875,FBS,75,1,1,-91,iPhone_iPhone_1m_75.csv
224,875,FBS,75,1,1,-91,iPhone_iPhone_1m_75.csv
225,875,FBS,75,1,1,-91,iPhone_iPhone_1m_75.csv
226,875,FBS,75,1,1,-91,iPhone_iPhone_1m_75.csv
227,875,FBS,75,1,1,-91,iPhone_iPhone_1m_75.csv
228,875,FBS,75,1,1,-91,iPhone_iPhone_1m_75.csv
229,875,FBS,75,1,1,-94,iPhone_iPhone_1m_75.csv
230,875,FBS,75,1,1,-94,iPhone_iPhone_1m_75.csv
231,875,FBS,75,1,1,-94,iPhone_iPhone_1m_75.csv
232,875,FBS,75,1,1,-94,iPhone_iPhone_1m_75.csv
233,875,FBS,75,1,1,-94,iPhone_iPhone_1m_75.csv
234,875,FBS,75,1,1,-94,iPhone_iPhone_1m_75.csv
235,875,FBS,75,1,1,-94,iPhone_iPhone_1m_75.csv
236,875,FBS,75,1,1,-94,iPhone_iPhone_1m_75.csv
237,875,FBS,75,1,1,-94,iPhone_iPhone_1m_75.csv
238,875,FBS,75,1,1,-94,iPhone_iPhone_1m_75.csv
239,875,FBS,75,1,1,-94,iPhone_iPhone_1m_75.csv
240,875,FBS,75,1,1,-94,iPhone_iPhone_1m_75.csv
241,875,FBS,75,1,1,-94,iPhone_iPhone_1m_75.csv
242,875,FBS,75,1,1,-94,iPhone_iPhone_1m_75.csv
243,875,FBS,75,1,1,-94,iPhone_iPhone_1m_75.csv
244,875,FBS,75,1,1,-94,iPhone_iPhone_1m_75.csv
245,875,FBS,75,1,1,-94,iPhone_iPhone_1m_75.csv
246,875,FBS,75,1,1,-94,iPhone_iPhone_1m_75.csv
247,875,FBS,75,1,1,-94,iPhone_iPhone_1m_75.csv
248,875,FBS,75,1,1,-94,iPhone_iPhone_1m_75.csv
249,875,FBS,75,1,1,-94,iPhone_iPhone_1m_75.csv
250,875,FBS,75,1,1,-94,iPhone_iPhone_1m_75.csv
251,875,FBS,75,1,1,-94,iPhone_iPhone_1m_75.csv
252,875,FBS,75,1,1,-93,iPhone_iPhone_1m_75.csv
2,875,LBS,80,1,441,-105,iPhone_iPhone_1m_80.csv
3,875,LBS,80,1,441,-104,iPhone_iPhone_1m_80.csv
4,875,LBS,80,1,441,-104,iPhone_iPhone_1m_80.csv
5,875,LBS,80,1,441,-104,iPhone_iPhone_1m_80.csv
6,875,LBS,80,1,441,-104,iPhone_iPhone_1m_80.csv
7,875,LBS,80,1,441,-104,iPhone_iPhone_1m_80.csv
8,875,LBS,80,1,441,-104,iPhone_iPhone_1m_80.csv
9,875,LBS,80,1,441,-104,iPhone_iPhone_1m_80.csv
10,875,LBS,80,1,441,-104,iPhone_iPhone_1m_80.csv
11,875,LBS,80,1,441,-104,iPhone_iPhone_1m_80.csv
12,875,LBS,80,1,441,-104,iPhone_iPhone_1m_80.csv
13,875,LBS,80,1,441,-104,iPhone_iPhone_1m_80.csv
14,875,LBS,80,1,441,-104,iPhone_iPhone_1m_80.csv
15,875,LBS,80,1,441,-104,iPhone_iPhone_1m_80.csv
16,875,LBS,80,1,441,-104,iPhone_iPhone_1m_80.csv
17,875,LBS,80,1,441,-104,iPhone_iPhone_1m_80.csv
18,875,LBS,80,1,441,-104,iPhone_iPhone_1m_80.csv
19,875,LBS,80,1,441,-104,iPhone_iPhone_1m_80.csv
20,875,LBS,80,1,441,-104,iPhone_iPhone_1m_80.csv
21,875,LBS,80,1,441,-104,iPhone_iPhone_1m_80.csv
22,875,LBS,80,1,441,-104,iPhone_iPhone_1m_80.csv
23,875,LBS,80,1,441,-104,iPhone_iPhone_1m_80.csv
24,875,LBS,80,1,441,-104,iPhone_iPhone_1m_80.csv
25,875,LBS,80,1,441,-104,iPhone_iPhone_1m_80.csv
26,875,LBS,80,1,441,-104,iPhone_iPhone_1m_80.csv
27,875,LBS,80,1,441,-104,iPhone_iPhone_1m_80.csv
28,875,LBS,80,1,441,-104,iPhone_iPhone_1m_80.csv
29,875,LBS,80,1,441,-104,iPhone_iPhone_1m_80.csv
30,875,LBS,80,1,441,-104,iPhone_iPhone_1m_80.csv
31,875,LBS,80,1,441,-104,iPhone_iPhone_1m_80.csv
32,875,LBS,80,1,441,-104,iPhone_iPhone_1m_80.csv
33,875,LBS,80,1,441,-104,iPhone_iPhone_1m_80.csv
34,875,LBS,80,1,441,-104,iPhone_iPhone_1m_80.csv
35,875,LBS,80,1,441,-104,iPhone_iPhone_1m_80.csv
36,875,LBS,80,1,441,-104,iPhone_iPhone_1m_80.csv
37,875,LBS,80,1,441,-104,iPhone_iPhone_1m_80.csv
38,875,LBS,80,1,441,-104,iPhone_iPhone_1m_80.csv
39,875,LBS,80,1,441,-104,iPhone_iPhone_1m_80.csv
40,875,LBS,80,1,441,-104,iPhone_iPhone_1m_80.csv
41,875,LBS,80,1,441,-104,iPhone_iPhone_1m_80.csv
42,875,LBS,80,1,441,-104,iPhone_iPhone_1m_80.csv
43,875,LBS,80,1,441,-104,iPhone_iPhone_1m_80.csv
44,875,LBS,80,1,441,-104,iPhone_iPhone_1m_80.csv
45,875,LBS,80,1,441,-104,iPhone_iPhone_1m_80.csv
46,875,LBS,80,1,441,-104,iPhone_iPhone_1m_80.csv
47,875,LBS,80,1,441,-104,iPhone_iPhone_1m_80.csv
48,875,LBS,80,1,441,-104,iPhone_iPhone_1m_80.csv
49,875,LBS,80,1,441,-104,iPhone_iPhone_1m_80.csv
50,875,LBS,80,1,441,-104,iPhone_iPhone_1m_80.csv
51,875,LBS,80,1,441,-104,iPhone_iPhone_1m_80.csv
52,875,LBS,80,1,441,-104,iPhone_iPhone_1m_80.csv
53,875,LBS,80,1,441,-104,iPhone_iPhone_1m_80.csv
54,875,LBS,80,1,441,-104,iPhone_iPhone_1m_80.csv
55,875,LBS,80,1,441,-104,iPhone_iPhone_1m_80.csv
56,875,LBS,80,1,441,-104,iPhone_iPhone_1m_80.csv
57,875,LBS,80,1,441,-104,iPhone_iPhone_1m_80.csv
58,875,LBS,80,1,441,-104,iPhone_iPhone_1m_80.csv
59,875,LBS,80,1,441,-104,iPhone_iPhone_1m_80.csv
60,875,LBS,80,1,441,-104,iPhone_iPhone_1m_80.csv
61,875,LBS,80,1,441,-104,iPhone_iPhone_1m_80.csv
62,875,LBS,80,1,441,-104,iPhone_iPhone_1m_80.csv
63,875,LBS,80,1,441,-104,iPhone_iPhone_1m_80.csv
64,875,LBS,80,1,441,-104,iPhone_iPhone_1m_80.csv
65,875,LBS,80,1,441,-104,iPhone_iPhone_1m_80.csv
66,875,LBS,80,1,441,-104,iPhone_iPhone_1m_80.csv
67,875,LBS,80,1,441,-104,iPhone_iPhone_1m_80.csv
68,875,LBS,80,1,441,-104,iPhone_iPhone_1m_80.csv
69,875,LBS,80,1,441,-104,iPhone_iPhone_1m_80.csv
70,875,LBS,80,1,441,-104,iPhone_iPhone_1m_80.csv
71,875,LBS,80,1,441,-104,iPhone_iPhone_1m_80.csv
72,875,LBS,80,1,441,-104,iPhone_iPhone_1m_80.csv
73,875,LBS,80,1,441,-104,iPhone_iPhone_1m_80.csv
74,875,LBS,80,1,441,-104,iPhone_iPhone_1m_80.csv
75,875,LBS,80,1,441,-104,iPhone_iPhone_1m_80.csv
76,875,LBS,80,1,441,-104,iPhone_iPhone_1m_80.csv
77,875,LBS,80,1,441,-104,iPhone_iPhone_1m_80.csv
78,875,LBS,80,1,441,-104,iPhone_iPhone_1m_80.csv
79,875,LBS,80,1,441,-104,iPhone_iPhone_1m_80.csv
80,875,LBS,80,1,441,-104,iPhone_iPhone_1m_80.csv
81,875,LBS,80,1,441,-104,iPhone_iPhone_1m_80.csv
82,875,LBS,80,1,441,-104,iPhone_iPhone_1m_80.csv
83,875,LBS,80,1,441,-104,iPhone_iPhone_1m_80.csv
84,875,LBS,80,1,441,-104,iPhone_iPhone_1m_80.csv
85,875,LBS,80,1,441,-104,iPhone_iPhone_1m_80.csv
86,875,LBS,80,1,441,-104,iPhone_iPhone_1m_80.csv
87,875,LBS,80,1,441,-104,iPhone_iPhone_1m_80.csv
88,875,LBS,80,1,441,-104,iPhone_iPhone_1m_80.csv
89,875,LBS,80,1,441,-104,iPhone_iPhone_1m_80.csv
90,875,LBS,80,1,441,-104,iPhone_iPhone_1m_80.csv
91,875,LBS,80,1,441,-104,iPhone_iPhone_1m_80.csv
92,875,LBS,80,1,441,-104,iPhone_iPhone_1m_80.csv
104,875,FBS,80,1,1,-86,iPhone_iPhone_1m_80.csv
105,875,FBS,80,1,1,-86,iPhone_iPhone_1m_80.csv
106,875,FBS,80,1,1,-86,iPhone_iPhone_1m_80.csv
107,875,FBS,80,1,1,-86,iPhone_iPhone_1m_80.csv
108,875,FBS,80,1,1,-86,iPhone_iPhone_1m_80.csv
109,875,FBS,80,1,1,-86,iPhone_iPhone_1m_80.csv
110,875,FBS,80,1,1,-86,iPhone_iPhone_1m_80.csv
111,875,FBS,80,1,1,-86,iPhone_iPhone_1m_80.csv
112,875,FBS,80,1,1,-86,iPhone_iPhone_1m_80.csv
113,875,FBS,80,1,1,-86,iPhone_iPhone_1m_80.csv
114,875,FBS,80,1,1,-86,iPhone_iPhone_1m_80.csv
115,875,FBS,80,1,1,-86,iPhone_iPhone_1m_80.csv
116,875,FBS,80,1,1,-86,iPhone_iPhone_1m_80.csv
117,875,FBS,80,1,1,-86,iPhone_iPhone_1m_80.csv
118,875,FBS,80,1,1,-88,iPhone_iPhone_1m_80.csv
119,875,FBS,80,1,1,-88,iPhone_iPhone_1m_80.csv
120,875,FBS,80,1,1,-88,iPhone_iPhone_1m_80.csv
121,875,FBS,80,1,1,-88,iPhone_iPhone_1m_80.csv
122,875,FBS,80,1,1,-88,iPhone_iPhone_1m_80.csv
123,875,FBS,80,1,1,-88,iPhone_iPhone_1m_80.csv
124,875,FBS,80,1,1,-88,iPhone_iPhone_1m_80.csv
125,875,FBS,80,1,1,-88,iPhone_iPhone_1m_80.csv
126,875,FBS,80,1,1,-88,iPhone_iPhone_1m_80.csv
127,875,FBS,80,1,1,-88,iPhone_iPhone_1m_80.csv
128,875,FBS,80,1,1,-88,iPhone_iPhone_1m_80.csv
129,875,FBS,80,1,1,-88,iPhone_iPhone_1m_80.csv
130,875,FBS,80,1,1,-88,iPhone_iPhone_1m_80.csv
131,875,FBS,80,1,1,-88,iPhone_iPhone_1m_80.csv
132,875,FBS,80,1,1,-88,iPhone_iPhone_1m_80.csv
133,875,FBS,80,1,1,-88,iPhone_iPhone_1m_80.csv
134,875,FBS,80,1,1,-88,iPhone_iPhone_1m_80.csv
135,875,FBS,80,1,1,-88,iPhone_iPhone_1m_80.csv
136,875,FBS,80,1,1,-88,iPhone_iPhone_1m_80.csv
137,875,FBS,80,1,1,-88,iPhone_iPhone_1m_80.csv
138,875,FBS,80,1,1,-88,iPhone_iPhone_1m_80.csv
139,875,FBS,80,1,1,-88,iPhone_iPhone_1m_80.csv
140,875,FBS,80,1,1,-88,iPhone_iPhone_1m_80.csv
141,875,FBS,80,1,1,-87,iPhone_iPhone_1m_80.csv
142,875,FBS,80,1,1,-87,iPhone_iPhone_1m_80.csv
143,875,FBS,80,1,1,-87,iPhone_iPhone_1m_80.csv
144,875,FBS,80,1,1,-87,iPhone_iPhone_1m_80.csv
145,875,FBS,80,1,1,-87,iPhone_iPhone_1m_80.csv
146,875,FBS,80,1,1,-87,iPhone_iPhone_1m_80.csv
147,875,FBS,80,1,1,-87,iPhone_iPhone_1m_80.csv
148,875,FBS,80,1,1,-87,iPhone_iPhone_1m_80.csv
149,875,FBS,80,1,1,-87,iPhone_iPhone_1m_80.csv
150,875,FBS,80,1,1,-87,iPhone_iPhone_1m_80.csv
151,875,FBS,80,1,1,-87,iPhone_iPhone_1m_80.csv
152,875,FBS,80,1,1,-87,iPhone_iPhone_1m_80.csv
153,875,FBS,80,1,1,-87,iPhone_iPhone_1m_80.csv
154,875,FBS,80,1,1,-87,iPhone_iPhone_1m_80.csv
155,875,FBS,80,1,1,-87,iPhone_iPhone_1m_80.csv
156,875,FBS,80,1,1,-87,iPhone_iPhone_1m_80.csv
157,875,FBS,80,1,1,-87,iPhone_iPhone_1m_80.csv
158,875,FBS,80,1,1,-87,iPhone_iPhone_1m_80.csv
159,875,FBS,80,1,1,-87,iPhone_iPhone_1m_80.csv
160,875,FBS,80,1,1,-87,iPhone_iPhone_1m_80.csv
161,875,LBS,80,1,441,-87,iPhone_iPhone_1m_80.csv
162,875,LBS,80,1,441,-87,iPhone_iPhone_1m_80.csv
163,875,LBS,80,1,441,-87,iPhone_iPhone_1m_80.csv
164,875,LBS,80,1,441,-87,iPhone_iPhone_1m_80.csv
165,875,LBS,80,1,441,-87,iPhone_iPhone_1m_80.csv
166,875,LBS,80,1,441,-87,iPhone_iPhone_1m_80.csv
167,875,LBS,80,1,441,-87,iPhone_iPhone_1m_80.csv
168,875,LBS,80,1,441,-87,iPhone_iPhone_1m_80.csv
169,875,LBS,80,1,441,-87,iPhone_iPhone_1m_80.csv
170,875,LBS,80,1,441,-87,iPhone_iPhone_1m_80.csv
171,875,LBS,80,1,441,-87,iPhone_iPhone_1m_80.csv
172,875,LBS,80,1,441,-87,iPhone_iPhone_1m_80.csv
173,875,LBS,80,1,441,-87,iPhone_iPhone_1m_80.csv
174,875,LBS,80,1,441,-87,iPhone_iPhone_1m_80.csv
175,875,LBS,80,1,441,-87,iPhone_iPhone_1m_80.csv
176,875,LBS,80,1,441,-87,iPhone_iPhone_1m_80.csv
177,875,LBS,80,1,441,-87,iPhone_iPhone_1m_80.csv
178,875,LBS,80,1,441,-87,iPhone_iPhone_1m_80.csv
179,875,LBS,80,1,441,-87,iPhone_iPhone_1m_80.csv
180,875,LBS,80,1,441,-87,iPhone_iPhone_1m_80.csv
181,875,LBS,80,1,441,-87,iPhone_iPhone_1m_80.csv
182,875,LBS,80,1,441,-87,iPhone_iPhone_1m_80.csv
183,875,LBS,80,1,441,-87,iPhone_iPhone_1m_80.csv
184,875,LBS,80,1,441,-87,iPhone_iPhone_1m_80.csv
185,875,LBS,80,1,441,-87,iPhone_iPhone_1m_80.csv
186,875,LBS,80,1,441,-87,iPhone_iPhone_1m_80.csv
187,875,LBS,80,1,441,-107,iPhone_iPhone_1m_80.csv
188,875,LBS,80,1,441,-107,iPhone_iPhone_1m_80.csv
189,875,LBS,80,1,441,-107,iPhone_iPhone_1m_80.csv
190,875,LBS,80,1,441,-107,iPhone_iPhone_1m_80.csv
191,875,LBS,80,1,441,-107,iPhone_iPhone_1m_80.csv
192,875,LBS,80,1,441,-107,iPhone_iPhone_1m_80.csv
193,875,LBS,80,1,441,-107,iPhone_iPhone_1m_80.csv
194,875,LBS,80,1,441,-107,iPhone_iPhone_1m_80.csv
195,875,LBS,80,1,441,-107,iPhone_iPhone_1m_80.csv
196,875,LBS,80,1,441,-107,iPhone_iPhone_1m_80.csv
197,875,LBS,80,1,441,-107,iPhone_iPhone_1m_80.csv
198,875,LBS,80,1,441,-107,iPhone_iPhone_1m_80.csv
199,875,LBS,80,1,441,-107,iPhone_iPhone_1m_80.csv
200,875,LBS,80,1,441,-107,iPhone_iPhone_1m_80.csv
201,875,LBS,80,1,441,-107,iPhone_iPhone_1m_80.csv
202,875,LBS,80,1,441,-107,iPhone_iPhone_1m_80.csv
203,875,LBS,80,1,441,-107,iPhone_iPhone_1m_80.csv
204,875,LBS,80,1,441,-107,iPhone_iPhone_1m_80.csv
205,875,LBS,80,1,441,-107,iPhone_iPhone_1m_80.csv
206,875,LBS,80,1,441,-107,iPhone_iPhone_1m_80.csv
207,875,LBS,80,1,441,-107,iPhone_iPhone_1m_80.csv
219,875,FBS,80,1,1,-84,iPhone_iPhone_1m_80.csv
220,875,FBS,80,1,1,-84,iPhone_iPhone_1m_80.csv
221,875,FBS,80,1,1,-84,iPhone_iPhone_1m_80.csv
222,875,FBS,80,1,1,-84,iPhone_iPhone_1m_80.csv
223,875,FBS,80,1,1,-84,iPhone_iPhone_1m_80.csv
224,875,FBS,80,1,1,-84,iPhone_iPhone_1m_80.csv
225,875,FBS,80,1,1,-84,iPhone_iPhone_1m_80.csv
226,875,FBS,80,1,1,-84,iPhone_iPhone_1m_80.csv
227,875,FBS,80,1,1,-84,iPhone_iPhone_1m_80.csv
228,875,FBS,80,1,1,-84,iPhone_iPhone_1m_80.csv
229,875,FBS,80,1,1,-84,iPhone_iPhone_1m_80.csv
230,875,FBS,80,1,1,-84,iPhone_iPhone_1m_80.csv
231,875,FBS,80,1,1,-84,iPhone_iPhone_1m_80.csv
232,875,FBS,80,1,1,-84,iPhone_iPhone_1m_80.csv
233,875,FBS,80,1,1,-85,iPhone_iPhone_1m_80.csv
234,875,FBS,80,1,1,-85,iPhone_iPhone_1m_80.csv
235,875,FBS,80,1,1,-85,iPhone_iPhone_1m_80.csv
236,875,FBS,80,1,1,-85,iPhone_iPhone_1m_80.csv
237,875,FBS,80,1,1,-85,iPhone_iPhone_1m_80.csv
238,875,FBS,80,1,1,-85,iPhone_iPhone_1m_80.csv
239,875,FBS,80,1,1,-85,iPhone_iPhone_1m_80.csv
240,875,FBS,80,1,1,-85,iPhone_iPhone_1m_80.csv
241,875,FBS,80,1,1,-85,iPhone_iPhone_1m_80.csv
242,875,FBS,80,1,1,-85,iPhone_iPhone_1m_80.csv
243,875,FBS,80,1,1,-85,iPhone_iPhone_1m_80.csv
244,875,FBS,80,1,1,-85,iPhone_iPhone_1m_80.csv
245,875,FBS,80,1,1,-85,iPhone_iPhone_1m_80.csv
246,875,FBS,80,1,1,-85,iPhone_iPhone_1m_80.csv
247,875,FBS,80,1,1,-85,iPhone_iPhone_1m_80.csv
248,875,FBS,80,1,1,-85,iPhone_iPhone_1m_80.csv
249,875,FBS,80,1,1,-85,iPhone_iPhone_1m_80.csv
250,875,FBS,80,1,1,-85,iPhone_iPhone_1m_80.csv
251,875,FBS,80,1,1,-85,iPhone_iPhone_1m_80.csv
252,875,FBS,80,1,1,-85,iPhone_iPhone_1m_80.csv
253,875,FBS,80,1,1,-85,iPhone_iPhone_1m_80.csv
254,875,FBS,80,1,1,-85,iPhone_iPhone_1m_80.csv
255,875,FBS,80,1,1,-85,iPhone_iPhone_1m_80.csv
256,875,FBS,80,1,1,-85,iPhone_iPhone_1m_80.csv
257,875,FBS,80,1,1,-85,iPhone_iPhone_1m_80.csv
258,875,FBS,80,1,1,-85,iPhone_iPhone_1m_80.csv
259,875,FBS,80,1,1,-85,iPhone_iPhone_1m_80.csv
260,875,FBS,80,1,1,-85,iPhone_iPhone_1m_80.csv
261,875,FBS,80,1,1,-85,iPhone_iPhone_1m_80.csv
262,875,FBS,80,1,1,-85,iPhone_iPhone_1m_80.csv
263,875,FBS,80,1,1,-85,iPhone_iPhone_1m_80.csv
264,875,FBS,80,1,1,-85,iPhone_iPhone_1m_80.csv
265,875,FBS,80,1,1,-85,iPhone_iPhone_1m_80.csv
266,875,FBS,80,1,1,-85,iPhone_iPhone_1m_80.csv
267,875,FBS,80,1,1,-85,iPhone_iPhone_1m_80.csv
268,875,FBS,80,1,1,-85,iPhone_iPhone_1m_80.csv
269,875,FBS,80,1,1,-85,iPhone_iPhone_1m_80.csv
270,875,FBS,80,1,1,-85,iPhone_iPhone_1m_80.csv
271,875,FBS,80,1,1,-85,iPhone_iPhone_1m_80.csv
272,875,FBS,80,1,1,-85,iPhone_iPhone_1m_80.csv
273,875,FBS,80,1,1,-85,iPhone_iPhone_1m_80.csv
274,875,FBS,80,1,1,-85,iPhone_iPhone_1m_80.csv
275,875,FBS,80,1,1,-85,iPhone_iPhone_1m_80.csv
276,875,FBS,80,1,1,-85,iPhone_iPhone_1m_80.csv
277,875,FBS,80,1,1,-85,iPhone_iPhone_1m_80.csv
278,875,FBS,80,1,1,-85,iPhone_iPhone_1m_80.csv
279,875,FBS,80,1,1,-85,iPhone_iPhone_1m_80.csv
280,875,FBS,80,1,1,-85,iPhone_iPhone_1m_80.csv
281,875,FBS,80,1,1,-88,iPhone_iPhone_1m_80.csv
282,875,FBS,80,1,1,-88,iPhone_iPhone_1m_80.csv
283,875,FBS,80,1,1,-88,iPhone_iPhone_1m_80.csv
284,875,FBS,80,1,1,-88,iPhone_iPhone_1m_80.csv
285,875,FBS,80,1,1,-88,iPhone_iPhone_1m_80.csv
286,875,FBS,80,1,1,-88,iPhone_iPhone_1m_80.csv
287,875,FBS,80,1,1,-88,iPhone_iPhone_1m_80.csv
288,875,LBS,80,1,441,-86,iPhone_iPhone_1m_80.csv
289,875,LBS,80,1,441,-86,iPhone_iPhone_1m_80.csv
290,875,LBS,80,1,441,-86,iPhone_iPhone_1m_80.csv
291,875,LBS,80,1,441,-86,iPhone_iPhone_1m_80.csv
292,875,LBS,80,1,441,-86,iPhone_iPhone_1m_80.csv
293,875,LBS,80,1,441,-86,iPhone_iPhone_1m_80.csv
294,875,LBS,80,1,441,-86,iPhone_iPhone_1m_80.csv
295,875,LBS,80,1,441,-86,iPhone_iPhone_1m_80.csv
296,875,LBS,80,1,441,-86,iPhone_iPhone_1m_80.csv
297,875,LBS,80,1,441,-86,iPhone_iPhone_1m_80.csv
298,875,LBS,80,1,441,-86,iPhone_iPhone_1m_80.csv
299,875,LBS,80,1,441,-86,iPhone_iPhone_1m_80.csv
300,875,LBS,80,1,441,-86,iPhone_iPhone_1m_80.csv
301,875,LBS,80,1,441,-86,iPhone_iPhone_1m_80.csv
302,875,LBS,80,1,441,-86,iPhone_iPhone_1m_80.csv
303,875,LBS,80,1,441,-86,iPhone_iPhone_1m_80.csv
304,875,LBS,80,1,441,-86,iPhone_iPhone_1m_80.csv
305,875,LBS,80,1,441,-86,iPhone_iPhone_1m_80.csv
306,875,LBS,80,1,441,-86,iPhone_iPhone_1m_80.csv
307,875,LBS,80,1,441,-86,iPhone_iPhone_1m_80.csv
2,875,LBS,85,1,441,-105,iPhone_iPhone_1m_85.csv
3,875,LBS,85,1,441,-105,iPhone_iPhone_1m_85.csv
4,875,LBS,85,1,441,-105,iPhone_iPhone_1m_85.csv
5,875,LBS,85,1,441,-105,iPhone_iPhone_1m_85.csv
6,875,LBS,85,1,441,-105,iPhone_iPhone_1m_85.csv
7,875,LBS,85,1,441,-105,iPhone_iPhone_1m_85.csv
8,875,LBS,85,1,441,-105,iPhone_iPhone_1m_85.csv
9,875,LBS,85,1,441,-105,iPhone_iPhone_1m_85.csv
10,875,LBS,85,1,441,-105,iPhone_iPhone_1m_85.csv
11,875,LBS,85,1,441,-105,iPhone_iPhone_1m_85.csv
12,875,LBS,85,1,441,-105,iPhone_iPhone_1m_85.csv
13,875,LBS,85,1,441,-105,iPhone_iPhone_1m_85.csv
14,875,LBS,85,1,441,-105,iPhone_iPhone_1m_85.csv
15,875,LBS,85,1,441,-105,iPhone_iPhone_1m_85.csv
16,875,LBS,85,1,441,-105,iPhone_iPhone_1m_85.csv
17,875,LBS,85,1,441,-105,iPhone_iPhone_1m_85.csv
18,875,LBS,85,1,441,-105,iPhone_iPhone_1m_85.csv
19,875,LBS,85,1,441,-105,iPhone_iPhone_1m_85.csv
20,875,LBS,85,1,441,-105,iPhone_iPhone_1m_85.csv
21,875,LBS,85,1,441,-105,iPhone_iPhone_1m_85.csv
22,875,LBS,85,1,441,-105,iPhone_iPhone_1m_85.csv
23,875,LBS,85,1,441,-105,iPhone_iPhone_1m_85.csv
24,875,LBS,85,1,441,-105,iPhone_iPhone_1m_85.csv
25,875,LBS,85,1,441,-105,iPhone_iPhone_1m_85.csv
26,875,LBS,85,1,441,-105,iPhone_iPhone_1m_85.csv
27,875,LBS,85,1,441,-105,iPhone_iPhone_1m_85.csv
28,875,LBS,85,1,441,-105,iPhone_iPhone_1m_85.csv
29,875,LBS,85,1,441,-105,iPhone_iPhone_1m_85.csv
30,875,LBS,85,1,441,-105,iPhone_iPhone_1m_85.csv
31,875,LBS,85,1,441,-105,iPhone_iPhone_1m_85.csv
32,875,LBS,85,1,441,-105,iPhone_iPhone_1m_85.csv
33,875,LBS,85,1,441,-105,iPhone_iPhone_1m_85.csv
34,875,LBS,85,1,441,-105,iPhone_iPhone_1m_85.csv
35,875,LBS,85,1,441,-105,iPhone_iPhone_1m_85.csv
36,875,LBS,85,1,441,-105,iPhone_iPhone_1m_85.csv
37,875,LBS,85,1,441,-105,iPhone_iPhone_1m_85.csv
38,875,LBS,85,1,441,-105,iPhone_iPhone_1m_85.csv
39,875,LBS,85,1,441,-105,iPhone_iPhone_1m_85.csv
40,875,LBS,85,1,441,-105,iPhone_iPhone_1m_85.csv
41,875,LBS,85,1,441,-105,iPhone_iPhone_1m_85.csv
42,875,LBS,85,1,441,-105,iPhone_iPhone_1m_85.csv
43,875,LBS,85,1,441,-105,iPhone_iPhone_1m_85.csv
44,875,LBS,85,1,441,-105,iPhone_iPhone_1m_85.csv
45,875,LBS,85,1,441,-105,iPhone_iPhone_1m_85.csv
46,875,LBS,85,1,441,-105,iPhone_iPhone_1m_85.csv
47,875,LBS,85,1,441,-105,iPhone_iPhone_1m_85.csv
48,875,LBS,85,1,441,-105,iPhone_iPhone_1m_85.csv
49,875,LBS,85,1,441,-105,iPhone_iPhone_1m_85.csv
50,875,LBS,85,1,441,-105,iPhone_iPhone_1m_85.csv
51,875,LBS,85,1,441,-105,iPhone_iPhone_1m_85.csv
52,875,LBS,85,1,441,-105,iPhone_iPhone_1m_85.csv
53,875,LBS,85,1,441,-105,iPhone_iPhone_1m_85.csv
54,875,LBS,85,1,441,-105,iPhone_iPhone_1m_85.csv
55,875,LBS,85,1,441,-105,iPhone_iPhone_1m_85.csv
56,875,LBS,85,1,441,-105,iPhone_iPhone_1m_85.csv
57,875,LBS,85,1,441,-105,iPhone_iPhone_1m_85.csv
58,875,LBS,85,1,441,-105,iPhone_iPhone_1m_85.csv
69,875,FBS,85,1,1,-81,iPhone_iPhone_1m_85.csv
70,875,FBS,85,1,1,-81,iPhone_iPhone_1m_85.csv
71,875,FBS,85,1,1,-81,iPhone_iPhone_1m_85.csv
72,875,FBS,85,1,1,-81,iPhone_iPhone_1m_85.csv
73,875,FBS,85,1,1,-81,iPhone_iPhone_1m_85.csv
74,875,FBS,85,1,1,-81,iPhone_iPhone_1m_85.csv
75,875,FBS,85,1,1,-81,iPhone_iPhone_1m_85.csv
76,875,FBS,85,1,1,-81,iPhone_iPhone_1m_85.csv
77,875,FBS,85,1,1,-81,iPhone_iPhone_1m_85.csv
78,875,FBS,85,1,1,-81,iPhone_iPhone_1m_85.csv
79,875,FBS,85,1,1,-81,iPhone_iPhone_1m_85.csv
80,875,FBS,85,1,1,-81,iPhone_iPhone_1m_85.csv
81,875,FBS,85,1,1,-81,iPhone_iPhone_1m_85.csv
82,875,FBS,85,1,1,-81,iPhone_iPhone_1m_85.csv
83,875,FBS,85,1,1,-81,iPhone_iPhone_1m_85.csv
84,875,FBS,85,1,1,-82,iPhone_iPhone_1m_85.csv
85,875,FBS,85,1,1,-82,iPhone_iPhone_1m_85.csv
86,875,FBS,85,1,1,-82,iPhone_iPhone_1m_85.csv
87,875,FBS,85,1,1,-82,iPhone_iPhone_1m_85.csv
88,875,FBS,85,1,1,-82,iPhone_iPhone_1m_85.csv
89,875,FBS,85,1,1,-82,iPhone_iPhone_1m_85.csv
90,875,FBS,85,1,1,-82,iPhone_iPhone_1m_85.csv
91,875,FBS,85,1,1,-82,iPhone_iPhone_1m_85.csv
92,875,FBS,85,1,1,-82,iPhone_iPhone_1m_85.csv
93,875,FBS,85,1,1,-82,iPhone_iPhone_1m_85.csv
94,875,FBS,85,1,1,-82,iPhone_iPhone_1m_85.csv
95,875,FBS,85,1,1,-82,iPhone_iPhone_1m_85.csv
96,875,FBS,85,1,1,-82,iPhone_iPhone_1m_85.csv
97,875,FBS,85,1,1,-82,iPhone_iPhone_1m_85.csv
98,875,FBS,85,1,1,-82,iPhone_iPhone_1m_85.csv
99,875,FBS,85,1,1,-82,iPhone_iPhone_1m_85.csv
100,875,FBS,85,1,1,-82,iPhone_iPhone_1m_85.csv
101,875,FBS,85,1,1,-82,iPhone_iPhone_1m_85.csv
102,875,FBS,85,1,1,-82,iPhone_iPhone_1m_85.csv
103,875,FBS,85,1,1,-82,iPhone_iPhone_1m_85.csv
104,875,FBS,85,1,1,-82,iPhone_iPhone_1m_85.csv
105,875,FBS,85,1,1,-82,iPhone_iPhone_1m_85.csv
106,875,FBS,85,1,1,-82,iPhone_iPhone_1m_85.csv
107,875,FBS,85,1,1,-82,iPhone_iPhone_1m_85.csv
108,875,FBS,85,1,1,-82,iPhone_iPhone_1m_85.csv
109,875,FBS,85,1,1,-83,iPhone_iPhone_1m_85.csv
110,875,FBS,85,1,1,-83,iPhone_iPhone_1m_85.csv
111,875,FBS,85,1,1,-83,iPhone_iPhone_1m_85.csv
112,875,FBS,85,1,1,-83,iPhone_iPhone_1m_85.csv
113,875,FBS,85,1,1,-83,iPhone_iPhone_1m_85.csv
114,875,FBS,85,1,1,-83,iPhone_iPhone_1m_85.csv
115,875,FBS,85,1,1,-83,iPhone_iPhone_1m_85.csv
116,875,FBS,85,1,1,-83,iPhone_iPhone_1m_85.csv
117,875,FBS,85,1,1,-83,iPhone_iPhone_1m_85.csv
118,875,FBS,85,1,1,-83,iPhone_iPhone_1m_85.csv
119,875,FBS,85,1,1,-83,iPhone_iPhone_1m_85.csv
120,875,FBS,85,1,1,-83,iPhone_iPhone_1m_85.csv
121,875,FBS,85,1,1,-83,iPhone_iPhone_1m_85.csv
122,875,FBS,85,1,1,-83,iPhone_iPhone_1m_85.csv
123,875,FBS,85,1,1,-83,iPhone_iPhone_1m_85.csv
124,875,FBS,85,1,1,-83,iPhone_iPhone_1m_85.csv
125,875,FBS,85,1,1,-83,iPhone_iPhone_1m_85.csv
126,875,FBS,85,1,1,-83,iPhone_iPhone_1m_85.csv
127,875,FBS,85,1,1,-83,iPhone_iPhone_1m_85.csv
128,875,FBS,85,1,1,-83,iPhone_iPhone_1m_85.csv
129,875,FBS,85,1,1,-83,iPhone_iPhone_1m_85.csv
130,875,FBS,85,1,1,-83,iPhone_iPhone_1m_85.csv
131,875,FBS,85,1,1,-83,iPhone_iPhone_1m_85.csv
132,875,FBS,85,1,1,-83,iPhone_iPhone_1m_85.csv
133,875,FBS,85,1,1,-83,iPhone_iPhone_1m_85.csv
134,875,FBS,85,1,1,-83,iPhone_iPhone_1m_85.csv
135,875,FBS,85,1,1,-83,iPhone_iPhone_1m_85.csv
136,875,FBS,85,1,1,-81,iPhone_iPhone_1m_85.csv
137,875,LBS,85,1,441,-81,iPhone_iPhone_1m_85.csv
138,875,LBS,85,1,441,-81,iPhone_iPhone_1m_85.csv
139,875,LBS,85,1,441,-81,iPhone_iPhone_1m_85.csv
140,875,LBS,85,1,441,-81,iPhone_iPhone_1m_85.csv
141,875,LBS,85,1,441,-81,iPhone_iPhone_1m_85.csv
142,875,LBS,85,1,441,-81,iPhone_iPhone_1m_85.csv
143,875,LBS,85,1,441,-81,iPhone_iPhone_1m_85.csv
144,875,LBS,85,1,441,-81,iPhone_iPhone_1m_85.csv
145,875,LBS,85,1,441,-81,iPhone_iPhone_1m_85.csv
146,875,LBS,85,1,441,-81,iPhone_iPhone_1m_85.csv
147,875,LBS,85,1,441,-81,iPhone_iPhone_1m_85.csv
148,875,LBS,85,1,441,-81,iPhone_iPhone_1m_85.csv
149,875,LBS,85,1,441,-81,iPhone_iPhone_1m_85.csv
150,875,LBS,85,1,441,-81,iPhone_iPhone_1m_85.csv
151,875,LBS,85,1,441,-81,iPhone_iPhone_1m_85.csv
152,875,LBS,85,1,441,-81,iPhone_iPhone_1m_85.csv
153,875,LBS,85,1,441,-81,iPhone_iPhone_1m_85.csv
154,875,LBS,85,1,441,-81,iPhone_iPhone_1m_85.csv
155,875,LBS,85,1,441,-81,iPhone_iPhone_1m_85.csv
156,875,LBS,85,1,441,-81,iPhone_iPhone_1m_85.csv
157,875,LBS,85,1,441,-81,iPhone_iPhone_1m_85.csv
158,875,LBS,85,1,441,-81,iPhone_iPhone_1m_85.csv
159,875,LBS,85,1,441,-81,iPhone_iPhone_1m_85.csv
160,875,LBS,85,1,441,-81,iPhone_iPhone_1m_85.csv
161,875,LBS,85,1,441,-81,iPhone_iPhone_1m_85.csv
162,875,LBS,85,1,441,-81,iPhone_iPhone_1m_85.csv
163,875,LBS,85,1,441,-81,iPhone_iPhone_1m_85.csv
164,875,LBS,85,1,441,-106,iPhone_iPhone_1m_85.csv
165,875,LBS,85,1,441,-106,iPhone_iPhone_1m_85.csv
166,875,LBS,85,1,441,-106,iPhone_iPhone_1m_85.csv
167,875,LBS,85,1,441,-106,iPhone_iPhone_1m_85.csv
168,875,LBS,85,1,441,-106,iPhone_iPhone_1m_85.csv
169,875,LBS,85,1,441,-106,iPhone_iPhone_1m_85.csv
170,875,LBS,85,1,441,-106,iPhone_iPhone_1m_85.csv
171,875,LBS,85,1,441,-106,iPhone_iPhone_1m_85.csv
172,875,LBS,85,1,441,-106,iPhone_iPhone_1m_85.csv
173,875,LBS,85,1,441,-106,iPhone_iPhone_1m_85.csv
174,875,LBS,85,1,441,-106,iPhone_iPhone_1m_85.csv
175,875,LBS,85,1,441,-106,iPhone_iPhone_1m_85.csv
176,875,LBS,85,1,441,-106,iPhone_iPhone_1m_85.csv
177,875,LBS,85,1,441,-106,iPhone_iPhone_1m_85.csv
178,875,LBS,85,1,441,-106,iPhone_iPhone_1m_85.csv
179,875,LBS,85,1,441,-106,iPhone_iPhone_1m_85.csv
180,875,LBS,85,1,441,-103,iPhone_iPhone_1m_85.csv
181,875,LBS,85,1,441,-103,iPhone_iPhone_1m_85.csv
182,875,LBS,85,1,441,-103,iPhone_iPhone_1m_85.csv
183,875,LBS,85,1,441,-103,iPhone_iPhone_1m_85.csv
184,875,LBS,85,1,441,-103,iPhone_iPhone_1m_85.csv
185,875,LBS,85,1,441,-103,iPhone_iPhone_1m_85.csv
186,875,LBS,85,1,441,-103,iPhone_iPhone_1m_85.csv
198,875,FBS,85,1,1,-79,iPhone_iPhone_1m_85.csv
199,875,FBS,85,1,1,-79,iPhone_iPhone_1m_85.csv
200,875,FBS,85,1,1,-79,iPhone_iPhone_1m_85.csv
201,875,FBS,85,1,1,-79,iPhone_iPhone_1m_85.csv
202,875,FBS,85,1,1,-79,iPhone_iPhone_1m_85.csv
203,875,FBS,85,1,1,-79,iPhone_iPhone_1m_85.csv
204,875,FBS,85,1,1,-79,iPhone_iPhone_1m_85.csv
205,875,FBS,85,1,1,-79,iPhone_iPhone_1m_85.csv
206,875,FBS,85,1,1,-79,iPhone_iPhone_1m_85.csv
207,875,FBS,85,1,1,-79,iPhone_iPhone_1m_85.csv
208,875,FBS,85,1,1,-79,iPhone_iPhone_1m_85.csv
209,875,FBS,85,1,1,-79,iPhone_iPhone_1m_85.csv
210,875,FBS,85,1,1,-79,iPhone_iPhone_1m_85.csv
211,875,FBS,85,1,1,-79,iPhone_iPhone_1m_85.csv
212,875,FBS,85,1,1,-79,iPhone_iPhone_1m_85.csv
213,875,FBS,85,1,1,-83,iPhone_iPhone_1m_85.csv
214,875,FBS,85,1,1,-83,iPhone_iPhone_1m_85.csv
215,875,FBS,85,1,1,-83,iPhone_iPhone_1m_85.csv
216,875,FBS,85,1,1,-83,iPhone_iPhone_1m_85.csv
217,875,FBS,85,1,1,-83,iPhone_iPhone_1m_85.csv
218,875,FBS,85,1,1,-83,iPhone_iPhone_1m_85.csv
219,875,FBS,85,1,1,-83,iPhone_iPhone_1m_85.csv
220,875,FBS,85,1,1,-83,iPhone_iPhone_1m_85.csv
221,875,FBS,85,1,1,-83,iPhone_iPhone_1m_85.csv
222,875,FBS,85,1,1,-83,iPhone_iPhone_1m_85.csv
223,875,FBS,85,1,1,-83,iPhone_iPhone_1m_85.csv
224,875,FBS,85,1,1,-83,iPhone_iPhone_1m_85.csv
225,875,FBS,85,1,1,-83,iPhone_iPhone_1m_85.csv
226,875,FBS,85,1,1,-83,iPhone_iPhone_1m_85.csv
227,875,FBS,85,1,1,-83,iPhone_iPhone_1m_85.csv
228,875,FBS,85,1,1,-83,iPhone_iPhone_1m_85.csv
229,875,FBS,85,1,1,-83,iPhone_iPhone_1m_85.csv
230,875,FBS,85,1,1,-83,iPhone_iPhone_1m_85.csv
231,875,FBS,85,1,1,-83,iPhone_iPhone_1m_85.csv
232,875,FBS,85,1,1,-83,iPhone_iPhone_1m_85.csv
233,875,FBS,85,1,1,-83,iPhone_iPhone_1m_85.csv
234,875,FBS,85,1,1,-83,iPhone_iPhone_1m_85.csv
235,875,FBS,85,1,1,-83,iPhone_iPhone_1m_85.csv
236,875,FBS,85,1,1,-83,iPhone_iPhone_1m_85.csv
237,875,FBS,85,1,1,-83,iPhone_iPhone_1m_85.csv
238,875,FBS,85,1,1,-83,iPhone_iPhone_1m_85.csv
239,875,FBS,85,1,1,-83,iPhone_iPhone_1m_85.csv
240,875,FBS,85,1,1,-83,iPhone_iPhone_1m_85.csv
241,875,FBS,85,1,1,-83,iPhone_iPhone_1m_85.csv
242,875,FBS,85,1,1,-83,iPhone_iPhone_1m_85.csv
243,875,FBS,85,1,1,-83,iPhone_iPhone_1m_85.csv
244,875,FBS,85,1,1,-83,iPhone_iPhone_1m_85.csv
245,875,FBS,85,1,1,-83,iPhone_iPhone_1m_85.csv
246,875,FBS,85,1,1,-83,iPhone_iPhone_1m_85.csv
247,875,FBS,85,1,1,-83,iPhone_iPhone_1m_85.csv
248,875,FBS,85,1,1,-83,iPhone_iPhone_1m_85.csv
249,875,FBS,85,1,1,-83,iPhone_iPhone_1m_85.csv
250,875,FBS,85,1,1,-83,iPhone_iPhone_1m_85.csv
251,875,FBS,85,1,1,-83,iPhone_iPhone_1m_85.csv
252,875,FBS,85,1,1,-83,iPhone_iPhone_1m_85.csv
253,875,FBS,85,1,1,-83,iPhone_iPhone_1m_85.csv
254,875,FBS,85,1,1,-83,iPhone_iPhone_1m_85.csv
255,875,FBS,85,1,1,-83,iPhone_iPhone_1m_85.csv
256,875,FBS,85,1,1,-83,iPhone_iPhone_1m_85.csv
257,875,FBS,85,1,1,-83,iPhone_iPhone_1m_85.csv
258,875,FBS,85,1,1,-83,iPhone_iPhone_1m_85.csv
259,875,FBS,85,1,1,-83,iPhone_iPhone_1m_85.csv
260,875,FBS,85,1,1,-83,iPhone_iPhone_1m_85.csv
261,875,FBS,85,1,1,-83,iPhone_iPhone_1m_85.csv
262,875,FBS,85,1,1,-83,iPhone_iPhone_1m_85.csv
263,875,FBS,85,1,1,-83,iPhone_iPhone_1m_85.csv
264,875,FBS,85,1,1,-84,iPhone_iPhone_1m_85.csv
265,875,FBS,85,1,1,-84,iPhone_iPhone_1m_85.csv
266,875,FBS,85,1,1,-84,iPhone_iPhone_1m_85.csv
267,875,FBS,85,1,1,-84,iPhone_iPhone_1m_85.csv
268,875,FBS,85,1,1,-84,iPhone_iPhone_1m_85.csv
269,875,FBS,85,1,1,-84,iPhone_iPhone_1m_85.csv
270,875,FBS,85,1,1,-84,iPhone_iPhone_1m_85.csv
271,875,FBS,85,1,1,-84,iPhone_iPhone_1m_85.csv
272,875,FBS,85,1,1,-84,iPhone_iPhone_1m_85.csv
273,875,FBS,85,1,1,-84,iPhone_iPhone_1m_85.csv
274,875,FBS,85,1,1,-84,iPhone_iPhone_1m_85.csv
275,875,FBS,85,1,1,-84,iPhone_iPhone_1m_85.csv
276,875,FBS,85,1,1,-84,iPhone_iPhone_1m_85.csv
277,875,FBS,85,1,1,-84,iPhone_iPhone_1m_85.csv
278,875,FBS,85,1,1,-84,iPhone_iPhone_1m_85.csv
279,875,FBS,85,1,1,-84,iPhone_iPhone_1m_85.csv
280,875,FBS,85,1,1,-84,iPhone_iPhone_1m_85.csv
281,875,FBS,85,1,1,-84,iPhone_iPhone_1m_85.csv
282,875,FBS,85,1,1,-84,iPhone_iPhone_1m_85.csv
283,875,FBS,85,1,1,-84,iPhone_iPhone_1m_85.csv
284,875,FBS,85,1,1,-84,iPhone_iPhone_1m_85.csv
285,875,FBS,85,1,1,-84,iPhone_iPhone_1m_85.csv
286,875,FBS,85,1,1,-84,iPhone_iPhone_1m_85.csv
287,875,FBS,85,1,1,-84,iPhone_iPhone_1m_85.csv
288,875,FBS,85,1,1,-84,iPhone_iPhone_1m_85.csv
289,875,FBS,85,1,1,-84,iPhone_iPhone_1m_85.csv
290,875,FBS,85,1,1,-84,iPhone_iPhone_1m_85.csv
291,875,FBS,85,1,1,-84,iPhone_iPhone_1m_85.csv
292,875,FBS,85,1,1,-84,iPhone_iPhone_1m_85.csv
293,875,FBS,85,1,1,-84,iPhone_iPhone_1m_85.csv
294,875,FBS,85,1,1,-84,iPhone_iPhone_1m_85.csv
295,875,FBS,85,1,1,-84,iPhone_iPhone_1m_85.csv
296,875,FBS,85,1,1,-84,iPhone_iPhone_1m_85.csv
297,875,FBS,85,1,1,-84,iPhone_iPhone_1m_85.csv
298,875,FBS,85,1,1,-84,iPhone_iPhone_1m_85.csv
299,875,FBS,85,1,1,-84,iPhone_iPhone_1m_85.csv
300,875,FBS,85,1,1,-84,iPhone_iPhone_1m_85.csv
301,875,FBS,85,1,1,-84,iPhone_iPhone_1m_85.csv
302,875,FBS,85,1,1,-88,iPhone_iPhone_1m_85.csv
303,875,FBS,85,1,1,-88,iPhone_iPhone_1m_85.csv
304,875,FBS,85,1,1,-88,iPhone_iPhone_1m_85.csv
305,875,FBS,85,1,1,-88,iPhone_iPhone_1m_85.csv
306,875,FBS,85,1,1,-88,iPhone_iPhone_1m_85.csv
307,875,FBS,85,1,1,-88,iPhone_iPhone_1m_85.csv
308,875,FBS,85,1,1,-88,iPhone_iPhone_1m_85.csv
309,875,FBS,85,1,1,-88,iPhone_iPhone_1m_85.csv
310,875,FBS,85,1,1,-88,iPhone_iPhone_1m_85.csv
311,875,FBS,85,1,1,-88,iPhone_iPhone_1m_85.csv
312,875,FBS,85,1,1,-88,iPhone_iPhone_1m_85.csv
313,875,FBS,85,1,1,-88,iPhone_iPhone_1m_85.csv
314,875,FBS,85,1,1,-88,iPhone_iPhone_1m_85.csv
315,875,FBS,85,1,1,-88,iPhone_iPhone_1m_85.csv
316,875,FBS,85,1,1,-88,iPhone_iPhone_1m_85.csv
317,875,FBS,85,1,1,-88,iPhone_iPhone_1m_85.csv
318,875,FBS,85,1,1,-88,iPhone_iPhone_1m_85.csv
319,875,FBS,85,1,1,-88,iPhone_iPhone_1m_85.csv
320,875,FBS,85,1,1,-88,iPhone_iPhone_1m_85.csv
321,875,FBS,85,1,1,-88,iPhone_iPhone_1m_85.csv
322,875,FBS,85,1,1,-88,iPhone_iPhone_1m_85.csv
323,875,FBS,85,1,1,-88,iPhone_iPhone_1m_85.csv
324,875,FBS,85,1,1,-88,iPhone_iPhone_1m_85.csv
325,875,FBS,85,1,1,-88,iPhone_iPhone_1m_85.csv
326,875,FBS,85,1,1,-88,iPhone_iPhone_1m_85.csv
327,875,FBS,85,1,1,-88,iPhone_iPhone_1m_85.csv
328,875,FBS,85,1,1,-88,iPhone_iPhone_1m_85.csv
329,875,FBS,85,1,1,-88,iPhone_iPhone_1m_85.csv
330,875,FBS,85,1,1,-88,iPhone_iPhone_1m_85.csv
331,875,FBS,85,1,1,-88,iPhone_iPhone_1m_85.csv
332,875,FBS,85,1,1,-88,iPhone_iPhone_1m_85.csv
333,875,FBS,85,1,1,-88,iPhone_iPhone_1m_85.csv
334,875,FBS,85,1,1,-88,iPhone_iPhone_1m_85.csv
8,875,LBS,90,1,441,-104,iPhone_iPhone_1m_90.csv
9,875,LBS,90,1,441,-104,iPhone_iPhone_1m_90.csv
10,875,LBS,90,1,441,-104,iPhone_iPhone_1m_90.csv
11,875,LBS,90,1,441,-104,iPhone_iPhone_1m_90.csv
12,875,LBS,90,1,441,-104,iPhone_iPhone_1m_90.csv
13,875,LBS,90,1,441,-104,iPhone_iPhone_1m_90.csv
14,875,LBS,90,1,441,-104,iPhone_iPhone_1m_90.csv
15,875,LBS,90,1,441,-104,iPhone_iPhone_1m_90.csv
16,875,LBS,90,1,441,-104,iPhone_iPhone_1m_90.csv
17,875,LBS,90,1,441,-104,iPhone_iPhone_1m_90.csv
18,875,LBS,90,1,441,-104,iPhone_iPhone_1m_90.csv
19,875,LBS,90,1,441,-104,iPhone_iPhone_1m_90.csv
20,875,LBS,90,1,441,-104,iPhone_iPhone_1m_90.csv
21,875,LBS,90,1,441,-104,iPhone_iPhone_1m_90.csv
22,875,LBS,90,1,441,-104,iPhone_iPhone_1m_90.csv
23,875,LBS,90,1,441,-104,iPhone_iPhone_1m_90.csv
24,875,LBS,90,1,441,-104,iPhone_iPhone_1m_90.csv
25,875,LBS,90,1,441,-104,iPhone_iPhone_1m_90.csv
26,875,LBS,90,1,441,-104,iPhone_iPhone_1m_90.csv
183,875,LBS,90,1,441,-105,iPhone_iPhone_1m_90.csv
184,875,LBS,90,1,441,-105,iPhone_iPhone_1m_90.csv
185,875,LBS,90,1,441,-105,iPhone_iPhone_1m_90.csv
186,875,LBS,90,1,441,-105,iPhone_iPhone_1m_90.csv
187,875,LBS,90,1,441,-105,iPhone_iPhone_1m_90.csv
188,875,LBS,90,1,441,-105,iPhone_iPhone_1m_90.csv
189,875,LBS,90,1,441,-105,iPhone_iPhone_1m_90.csv
190,875,LBS,90,1,441,-105,iPhone_iPhone_1m_90.csv
191,875,LBS,90,1,441,-105,iPhone_iPhone_1m_90.csv
192,875,LBS,90,1,441,-105,iPhone_iPhone_1m_90.csv
193,875,LBS,90,1,441,-105,iPhone_iPhone_1m_90.csv
194,875,LBS,90,1,441,-105,iPhone_iPhone_1m_90.csv
195,875,LBS,90,1,441,-105,iPhone_iPhone_1m_90.csv
196,875,LBS,90,1,441,-105,iPhone_iPhone_1m_90.csv
197,875,LBS,90,1,441,-105,iPhone_iPhone_1m_90.csv
198,875,LBS,90,1,441,-105,iPhone_iPhone_1m_90.csv
199,875,LBS,90,1,441,-105,iPhone_iPhone_1m_90.csv
211,875,FBS,90,1,1,-79,iPhone_iPhone_1m_90.csv
212,875,FBS,90,1,1,-79,iPhone_iPhone_1m_90.csv
213,875,FBS,90,1,1,-79,iPhone_iPhone_1m_90.csv
214,875,FBS,90,1,1,-79,iPhone_iPhone_1m_90.csv
215,875,FBS,90,1,1,-79,iPhone_iPhone_1m_90.csv
216,875,FBS,90,1,1,-79,iPhone_iPhone_1m_90.csv
217,875,FBS,90,1,1,-79,iPhone_iPhone_1m_90.csv
218,875,FBS,90,1,1,-79,iPhone_iPhone_1m_90.csv
219,875,FBS,90,1,1,-79,iPhone_iPhone_1m_90.csv
220,875,FBS,90,1,1,-79,iPhone_iPhone_1m_90.csv
221,875,FBS,90,1,1,-79,iPhone_iPhone_1m_90.csv
222,875,FBS,90,1,1,-79,iPhone_iPhone_1m_90.csv
223,875,FBS,90,1,1,-79,iPhone_iPhone_1m_90.csv
224,875,FBS,90,1,1,-79,iPhone_iPhone_1m_90.csv
225,875,FBS,90,1,1,-79,iPhone_iPhone_1m_90.csv
226,875,FBS,90,1,1,-81,iPhone_iPhone_1m_90.csv
227,875,FBS,90,1,1,-81,iPhone_iPhone_1m_90.csv
228,875,FBS,90,1,1,-81,iPhone_iPhone_1m_90.csv
229,875,FBS,90,1,1,-81,iPhone_iPhone_1m_90.csv
230,875,FBS,90,1,1,-81,iPhone_iPhone_1m_90.csv
231,875,FBS,90,1,1,-81,iPhone_iPhone_1m_90.csv
232,875,FBS,90,1,1,-81,iPhone_iPhone_1m_90.csv
233,875,FBS,90,1,1,-81,iPhone_iPhone_1m_90.csv
234,875,FBS,90,1,1,-81,iPhone_iPhone_1m_90.csv
235,875,FBS,90,1,1,-81,iPhone_iPhone_1m_90.csv
236,875,FBS,90,1,1,-81,iPhone_iPhone_1m_90.csv
237,875,FBS,90,1,1,-81,iPhone_iPhone_1m_90.csv
238,875,FBS,90,1,1,-81,iPhone_iPhone_1m_90.csv
239,875,FBS,90,1,1,-81,iPhone_iPhone_1m_90.csv
240,875,FBS,90,1,1,-81,iPhone_iPhone_1m_90.csv
241,875,FBS,90,1,1,-81,iPhone_iPhone_1m_90.csv
242,875,FBS,90,1,1,-81,iPhone_iPhone_1m_90.csv
243,875,FBS,90,1,1,-81,iPhone_iPhone_1m_90.csv
244,875,FBS,90,1,1,-81,iPhone_iPhone_1m_90.csv
245,875,FBS,90,1,1,-81,iPhone_iPhone_1m_90.csv
246,875,FBS,90,1,1,-81,iPhone_iPhone_1m_90.csv
247,875,FBS,90,1,1,-81,iPhone_iPhone_1m_90.csv
248,875,FBS,90,1,1,-81,iPhone_iPhone_1m_90.csv
249,875,FBS,90,1,1,-81,iPhone_iPhone_1m_90.csv
250,875,FBS,90,1,1,-81,iPhone_iPhone_1m_90.csv
251,875,FBS,90,1,1,-75,iPhone_iPhone_1m_90.csv
252,875,FBS,90,1,1,-75,iPhone_iPhone_1m_90.csv
253,875,FBS,90,1,1,-75,iPhone_iPhone_1m_90.csv
254,875,FBS,90,1,1,-75,iPhone_iPhone_1m_90.csv
255,875,FBS,90,1,1,-75,iPhone_iPhone_1m_90.csv
256,875,FBS,90,1,1,-75,iPhone_iPhone_1m_90.csv
257,875,FBS,90,1,1,-75,iPhone_iPhone_1m_90.csv
258,875,FBS,90,1,1,-75,iPhone_iPhone_1m_90.csv
259,875,FBS,90,1,1,-75,iPhone_iPhone_1m_90.csv
260,875,FBS,90,1,1,-75,iPhone_iPhone_1m_90.csv
261,875,FBS,90,1,1,-75,iPhone_iPhone_1m_90.csv
262,875,FBS,90,1,1,-75,iPhone_iPhone_1m_90.csv
263,875,FBS,90,1,1,-75,iPhone_iPhone_1m_90.csv
264,875,FBS,90,1,1,-75,iPhone_iPhone_1m_90.csv
265,875,FBS,90,1,1,-75,iPhone_iPhone_1m_90.csv
266,875,FBS,90,1,1,-75,iPhone_iPhone_1m_90.csv
267,875,FBS,90,1,1,-75,iPhone_iPhone_1m_90.csv
268,875,FBS,90,1,1,-75,iPhone_iPhone_1m_90.csv
269,875,FBS,90,1,1,-75,iPhone_iPhone_1m_90.csv
270,875,FBS,90,1,1,-75,iPhone_iPhone_1m_90.csv
271,875,FBS,90,1,1,-75,iPhone_iPhone_1m_90.csv
272,875,FBS,90,1,1,-75,iPhone_iPhone_1m_90.csv
273,875,FBS,90,1,1,-75,iPhone_iPhone_1m_90.csv
274,875,FBS,90,1,1,-75,iPhone_iPhone_1m_90.csv
275,875,FBS,90,1,1,-75,iPhone_iPhone_1m_90.csv
276,875,FBS,90,1,1,-75,iPhone_iPhone_1m_90.csv
277,875,FBS,90,1,1,-75,iPhone_iPhone_1m_90.csv
278,875,FBS,90,1,1,-75,iPhone_iPhone_1m_90.csv
279,875,FBS,90,1,1,-75,iPhone_iPhone_1m_90.csv
280,875,FBS,90,1,1,-75,iPhone_iPhone_1m_90.csv
281,875,FBS,90,1,1,-75,iPhone_iPhone_1m_90.csv
282,875,FBS,90,1,1,-75,iPhone_iPhone_1m_90.csv
283,875,FBS,90,1,1,-75,iPhone_iPhone_1m_90.csv
284,875,FBS,90,1,1,-75,iPhone_iPhone_1m_90.csv
285,875,FBS,90,1,1,-75,iPhone_iPhone_1m_90.csv
286,875,FBS,90,1,1,-75,iPhone_iPhone_1m_90.csv
287,875,FBS,90,1,1,-75,iPhone_iPhone_1m_90.csv
288,875,FBS,90,1,1,-75,iPhone_iPhone_1m_90.csv
289,875,FBS,90,1,1,-75,iPhone_iPhone_1m_90.csv
290,875,FBS,90,1,1,-75,iPhone_iPhone_1m_90.csv
291,875,FBS,90,1,1,-75,iPhone_iPhone_1m_90.csv
292,875,FBS,90,1,1,-75,iPhone_iPhone_1m_90.csv
293,875,FBS,90,1,1,-75,iPhone_iPhone_1m_90.csv
294,875,FBS,90,1,1,-75,iPhone_iPhone_1m_90.csv
295,875,FBS,90,1,1,-75,iPhone_iPhone_1m_90.csv
296,875,FBS,90,1,1,-75,iPhone_iPhone_1m_90.csv
297,875,FBS,90,1,1,-75,iPhone_iPhone_1m_90.csv
299,875,LBS,90,1,441,-105,iPhone_iPhone_1m_90.csv
300,875,LBS,90,1,441,-105,iPhone_iPhone_1m_90.csv
301,875,LBS,90,1,441,-105,iPhone_iPhone_1m_90.csv
302,875,LBS,90,1,441,-105,iPhone_iPhone_1m_90.csv
303,875,LBS,90,1,441,-105,iPhone_iPhone_1m_90.csv
304,875,LBS,90,1,441,-105,iPhone_iPhone_1m_90.csv
305,875,LBS,90,1,441,-105,iPhone_iPhone_1m_90.csv
306,875,LBS,90,1,441,-105,iPhone_iPhone_1m_90.csv
1,875,LBS,75,2,441,-106,iPhone_iPhone_2m_75.csv
2,875,LBS,75,2,441,-106,iPhone_iPhone_2m_75.csv
3,875,LBS,75,2,441,-106,iPhone_iPhone_2m_75.csv
4,875,LBS,75,2,441,-106,iPhone_iPhone_2m_75.csv
5,875,LBS,75,2,441,-105,iPhone_iPhone_2m_75.csv
6,875,LBS,75,2,441,-105,iPhone_iPhone_2m_75.csv
7,875,LBS,75,2,441,-105,iPhone_iPhone_2m_75.csv
8,875,LBS,75,2,441,-105,iPhone_iPhone_2m_75.csv
9,875,LBS,75,2,441,-105,iPhone_iPhone_2m_75.csv
10,875,LBS,75,2,441,-105,iPhone_iPhone_2m_75.csv
11,875,LBS,75,2,441,-105,iPhone_iPhone_2m_75.csv
12,875,LBS,75,2,441,-104,iPhone_iPhone_2m_75.csv
13,875,LBS,75,2,441,-104,iPhone_iPhone_2m_75.csv
14,875,LBS,75,2,441,-104,iPhone_iPhone_2m_75.csv
15,875,LBS,75,2,441,-104,iPhone_iPhone_2m_75.csv
16,875,LBS,75,2,441,-104,iPhone_iPhone_2m_75.csv
17,875,LBS,75,2,441,-104,iPhone_iPhone_2m_75.csv
18,875,LBS,75,2,441,-104,iPhone_iPhone_2m_75.csv
19,875,LBS,75,2,441,-104,iPhone_iPhone_2m_75.csv
20,875,LBS,75,2,441,-104,iPhone_iPhone_2m_75.csv
21,875,LBS,75,2,441,-104,iPhone_iPhone_2m_75.csv
22,875,LBS,75,2,441,-104,iPhone_iPhone_2m_75.csv
23,875,LBS,75,2,441,-103,iPhone_iPhone_2m_75.csv
24,875,LBS,75,2,441,-103,iPhone_iPhone_2m_75.csv
25,875,LBS,75,2,441,-103,iPhone_iPhone_2m_75.csv
26,875,LBS,75,2,441,-103,iPhone_iPhone_2m_75.csv
27,875,LBS,75,2,441,-103,iPhone_iPhone_2m_75.csv
28,875,LBS,75,2,441,-103,iPhone_iPhone_2m_75.csv
29,875,LBS,75,2,441,-103,iPhone_iPhone_2m_75.csv
30,875,LBS,75,2,441,-103,iPhone_iPhone_2m_75.csv
31,875,LBS,75,2,441,-102,iPhone_iPhone_2m_75.csv
32,875,LBS,75,2,441,-102,iPhone_iPhone_2m_75.csv
33,875,LBS,75,2,441,-103,iPhone_iPhone_2m_75.csv
34,875,LBS,75,2,441,-103,iPhone_iPhone_2m_75.csv
35,875,FBS,75,2,1,-103,iPhone_iPhone_2m_75.csv
36,875,FBS,75,2,1,-103,iPhone_iPhone_2m_75.csv
37,875,FBS,75,2,1,-98,iPhone_iPhone_2m_75.csv
38,875,FBS,75,2,1,-99,iPhone_iPhone_2m_75.csv
39,875,FBS,75,2,1,-99,iPhone_iPhone_2m_75.csv
40,875,FBS,75,2,1,-99,iPhone_iPhone_2m_75.csv
41,875,FBS,75,2,1,-104,iPhone_iPhone_2m_75.csv
42,875,FBS,75,2,1,-104,iPhone_iPhone_2m_75.csv
43,875,FBS,75,2,1,-102,iPhone_iPhone_2m_75.csv
44,875,FBS,75,2,1,-102,iPhone_iPhone_2m_75.csv
45,875,FBS,75,2,1,-102,iPhone_iPhone_2m_75.csv
46,875,FBS,75,2,1,-102,iPhone_iPhone_2m_75.csv
47,875,FBS,75,2,1,-102,iPhone_iPhone_2m_75.csv
48,875,FBS,75,2,1,-102,iPhone_iPhone_2m_75.csv
49,875,FBS,75,2,1,-102,iPhone_iPhone_2m_75.csv
50,875,FBS,75,2,1,-101,iPhone_iPhone_2m_75.csv
51,875,FBS,75,2,1,-101,iPhone_iPhone_2m_75.csv
52,875,FBS,75,2,1,-100,iPhone_iPhone_2m_75.csv
53,875,FBS,75,2,1,-100,iPhone_iPhone_2m_75.csv
54,875,FBS,75,2,1,-100,iPhone_iPhone_2m_75.csv
55,875,FBS,75,2,1,-100,iPhone_iPhone_2m_75.csv
56,875,FBS,75,2,1,-100,iPhone_iPhone_2m_75.csv
57,875,FBS,75,2,1,-100,iPhone_iPhone_2m_75.csv
58,875,FBS,75,2,1,-100,iPhone_iPhone_2m_75.csv
59,875,FBS,75,2,1,-100,iPhone_iPhone_2m_75.csv
60,875,FBS,75,2,1,-100,iPhone_iPhone_2m_75.csv
61,875,FBS,75,2,1,-100,iPhone_iPhone_2m_75.csv
62,875,FBS,75,2,1,-104,iPhone_iPhone_2m_75.csv
63,875,FBS,75,2,1,-104,iPhone_iPhone_2m_75.csv
64,875,FBS,75,2,1,-102,iPhone_iPhone_2m_75.csv
65,875,FBS,75,2,1,-102,iPhone_iPhone_2m_75.csv
66,875,FBS,75,2,1,-102,iPhone_iPhone_2m_75.csv
67,875,FBS,75,2,1,-102,iPhone_iPhone_2m_75.csv
68,875,FBS,75,2,1,-102,iPhone_iPhone_2m_75.csv
69,875,FBS,75,2,1,-100,iPhone_iPhone_2m_75.csv
70,875,FBS,75,2,1,-102,iPhone_iPhone_2m_75.csv
71,875,FBS,75,2,1,-102,iPhone_iPhone_2m_75.csv
72,875,FBS,75,2,1,-102,iPhone_iPhone_2m_75.csv
73,875,FBS,75,2,1,-104,iPhone_iPhone_2m_75.csv
74,875,FBS,75,2,1,-104,iPhone_iPhone_2m_75.csv
75,875,FBS,75,2,1,-99,iPhone_iPhone_2m_75.csv
76,875,FBS,75,2,1,-99,iPhone_iPhone_2m_75.csv
77,875,FBS,75,2,1,-99,iPhone_iPhone_2m_75.csv
78,875,FBS,75,2,1,-99,iPhone_iPhone_2m_75.csv
79,875,FBS,75,2,1,-99,iPhone_iPhone_2m_75.csv
80,875,FBS,75,2,1,-99,iPhone_iPhone_2m_75.csv
81,875,FBS,75,2,1,-99,iPhone_iPhone_2m_75.csv
82,875,FBS,75,2,1,-99,iPhone_iPhone_2m_75.csv
83,875,FBS,75,2,1,-99,iPhone_iPhone_2m_75.csv
84,875,FBS,75,2,1,-99,iPhone_iPhone_2m_75.csv
85,875,FBS,75,2,1,-99,iPhone_iPhone_2m_75.csv
86,875,FBS,75,2,1,-99,iPhone_iPhone_2m_75.csv
87,875,FBS,75,2,1,-99,iPhone_iPhone_2m_75.csv
88,875,FBS,75,2,1,-99,iPhone_iPhone_2m_75.csv
89,875,FBS,75,2,1,-100,iPhone_iPhone_2m_75.csv
90,875,FBS,75,2,1,-100,iPhone_iPhone_2m_75.csv
91,875,FBS,75,2,1,-100,iPhone_iPhone_2m_75.csv
92,875,FBS,75,2,1,-100,iPhone_iPhone_2m_75.csv
93,875,FBS,75,2,1,-99,iPhone_iPhone_2m_75.csv
94,875,FBS,75,2,1,-99,iPhone_iPhone_2m_75.csv
95,875,FBS,75,2,1,-102,iPhone_iPhone_2m_75.csv
96,875,FBS,75,2,1,-102,iPhone_iPhone_2m_75.csv
97,875,FBS,75,2,1,-101,iPhone_iPhone_2m_75.csv
98,875,FBS,75,2,1,-101,iPhone_iPhone_2m_75.csv
99,875,FBS,75,2,1,-101,iPhone_iPhone_2m_75.csv
100,875,FBS,75,2,1,-100,iPhone_iPhone_2m_75.csv
101,875,FBS,75,2,1,-100,iPhone_iPhone_2m_75.csv
102,875,FBS,75,2,1,-100,iPhone_iPhone_2m_75.csv
103,875,FBS,75,2,1,-100,iPhone_iPhone_2m_75.csv
104,875,FBS,75,2,1,-100,iPhone_iPhone_2m_75.csv
105,875,FBS,75,2,1,-100,iPhone_iPhone_2m_75.csv
106,875,FBS,75,2,1,-99,iPhone_iPhone_2m_75.csv
107,875,FBS,75,2,1,-99,iPhone_iPhone_2m_75.csv
108,875,FBS,75,2,1,-99,iPhone_iPhone_2m_75.csv
109,875,FBS,75,2,1,-99,iPhone_iPhone_2m_75.csv
110,875,FBS,75,2,1,-99,iPhone_iPhone_2m_75.csv
111,875,FBS,75,2,1,-100,iPhone_iPhone_2m_75.csv
112,875,FBS,75,2,1,-100,iPhone_iPhone_2m_75.csv
113,875,FBS,75,2,1,-100,iPhone_iPhone_2m_75.csv
114,875,FBS,75,2,1,-100,iPhone_iPhone_2m_75.csv
115,875,FBS,75,2,1,-100,iPhone_iPhone_2m_75.csv
116,875,FBS,75,2,1,-100,iPhone_iPhone_2m_75.csv
117,875,FBS,75,2,1,-100,iPhone_iPhone_2m_75.csv
118,875,FBS,75,2,1,-100,iPhone_iPhone_2m_75.csv
119,875,FBS,75,2,1,-100,iPhone_iPhone_2m_75.csv
120,875,FBS,75,2,1,-100,iPhone_iPhone_2m_75.csv
121,875,FBS,75,2,1,-100,iPhone_iPhone_2m_75.csv
122,875,FBS,75,2,1,-101,iPhone_iPhone_2m_75.csv
123,875,FBS,75,2,1,-101,iPhone_iPhone_2m_75.csv
124,875,FBS,75,2,1,-101,iPhone_iPhone_2m_75.csv
125,875,FBS,75,2,1,-101,iPhone_iPhone_2m_75.csv
126,875,FBS,75,2,1,-99,iPhone_iPhone_2m_75.csv
127,875,FBS,75,2,1,-99,iPhone_iPhone_2m_75.csv
128,875,FBS,75,2,1,-99,iPhone_iPhone_2m_75.csv
129,875,FBS,75,2,1,-105,iPhone_iPhone_2m_75.csv
130,875,FBS,75,2,1,-105,iPhone_iPhone_2m_75.csv
131,875,FBS,75,2,1,-105,iPhone_iPhone_2m_75.csv
132,875,FBS,75,2,1,-105,iPhone_iPhone_2m_75.csv
133,875,FBS,75,2,1,-105,iPhone_iPhone_2m_75.csv
134,875,LBS,75,2,461,-116,iPhone_iPhone_2m_75.csv
135,875,LBS,75,2,460,-116,iPhone_iPhone_2m_75.csv
136,875,LBS,75,2,460,-104,iPhone_iPhone_2m_75.csv
137,875,LBS,75,2,460,-104,iPhone_iPhone_2m_75.csv
138,875,LBS,75,2,460,-104,iPhone_iPhone_2m_75.csv
139,875,LBS,75,2,460,-104,iPhone_iPhone_2m_75.csv
140,875,LBS,75,2,460,-104,iPhone_iPhone_2m_75.csv
141,875,LBS,75,2,460,-104,iPhone_iPhone_2m_75.csv
142,875,LBS,75,2,460,-104,iPhone_iPhone_2m_75.csv
143,875,LBS,75,2,460,-104,iPhone_iPhone_2m_75.csv
144,875,LBS,75,2,460,-104,iPhone_iPhone_2m_75.csv
145,875,LBS,75,2,460,-104,iPhone_iPhone_2m_75.csv
146,875,LBS,75,2,460,-104,iPhone_iPhone_2m_75.csv
147,875,LBS,75,2,460,-104,iPhone_iPhone_2m_75.csv
148,875,LBS,75,2,460,-104,iPhone_iPhone_2m_75.csv
149,875,LBS,75,2,460,-104,iPhone_iPhone_2m_75.csv
150,875,LBS,75,2,460,-103,iPhone_iPhone_2m_75.csv
151,875,LBS,75,2,460,-103,iPhone_iPhone_2m_75.csv
152,875,LBS,75,2,460,-103,iPhone_iPhone_2m_75.csv
1,875,LBS,80,2,441,-106,iPhone_iPhone_2m_80.csv
2,875,LBS,80,2,441,-105,iPhone_iPhone_2m_80.csv
3,875,LBS,80,2,441,-105,iPhone_iPhone_2m_80.csv
4,875,LBS,80,2,441,-105,iPhone_iPhone_2m_80.csv
5,875,LBS,80,2,441,-105,iPhone_iPhone_2m_80.csv
6,875,LBS,80,2,441,-105,iPhone_iPhone_2m_80.csv
7,875,LBS,80,2,441,-105,iPhone_iPhone_2m_80.csv
8,875,LBS,80,2,441,-105,iPhone_iPhone_2m_80.csv
9,875,LBS,80,2,441,-105,iPhone_iPhone_2m_80.csv
10,875,LBS,80,2,441,-105,iPhone_iPhone_2m_80.csv
11,875,LBS,80,2,441,-105,iPhone_iPhone_2m_80.csv
12,875,LBS,80,2,441,-105,iPhone_iPhone_2m_80.csv
13,875,LBS,80,2,441,-105,iPhone_iPhone_2m_80.csv
14,875,LBS,80,2,441,-106,iPhone_iPhone_2m_80.csv
15,875,LBS,80,2,441,-106,iPhone_iPhone_2m_80.csv
16,875,LBS,80,2,441,-106,iPhone_iPhone_2m_80.csv
17,875,LBS,80,2,441,-106,iPhone_iPhone_2m_80.csv
18,875,LBS,80,2,441,-106,iPhone_iPhone_2m_80.csv
19,875,LBS,80,2,441,-106,iPhone_iPhone_2m_80.csv
20,875,LBS,80,2,441,-106,iPhone_iPhone_2m_80.csv
21,875,LBS,80,2,441,-106,iPhone_iPhone_2m_80.csv
22,875,FBS,80,2,1,-96,iPhone_iPhone_2m_80.csv
23,875,FBS,80,2,1,-96,iPhone_iPhone_2m_80.csv
24,875,FBS,80,2,1,-94,iPhone_iPhone_2m_80.csv
25,875,FBS,80,2,1,-94,iPhone_iPhone_2m_80.csv
26,875,FBS,80,2,1,-94,iPhone_iPhone_2m_80.csv
27,875,FBS,80,2,1,-94,iPhone_iPhone_2m_80.csv
28,875,FBS,80,2,1,-94,iPhone_iPhone_2m_80.csv
29,875,FBS,80,2,1,-96,iPhone_iPhone_2m_80.csv
30,875,FBS,80,2,1,-96,iPhone_iPhone_2m_80.csv
31,875,FBS,80,2,1,-96,iPhone_iPhone_2m_80.csv
32,875,FBS,80,2,1,-96,iPhone_iPhone_2m_80.csv
33,875,FBS,80,2,1,-96,iPhone_iPhone_2m_80.csv
34,875,FBS,80,2,1,-99,iPhone_iPhone_2m_80.csv
35,875,FBS,80,2,1,-99,iPhone_iPhone_2m_80.csv
36,875,FBS,80,2,1,-99,iPhone_iPhone_2m_80.csv
37,875,FBS,80,2,1,-99,iPhone_iPhone_2m_80.csv
38,875,FBS,80,2,1,-99,iPhone_iPhone_2m_80.csv
39,875,FBS,80,2,1,-99,iPhone_iPhone_2m_80.csv
40,875,FBS,80,2,1,-91,iPhone_iPhone_2m_80.csv
41,875,FBS,80,2,1,-91,iPhone_iPhone_2m_80.csv
42,875,FBS,80,2,1,-91,iPhone_iPhone_2m_80.csv
43,875,FBS,80,2,1,-93,iPhone_iPhone_2m_80.csv
44,875,FBS,80,2,1,-93,iPhone_iPhone_2m_80.csv
45,875,FBS,80,2,1,-99,iPhone_iPhone_2m_80.csv
46,875,FBS,80,2,1,-99,iPhone_iPhone_2m_80.csv
47,875,FBS,80,2,1,-99,iPhone_iPhone_2m_80.csv
48,875,FBS,80,2,1,-99,iPhone_iPhone_2m_80.csv
49,875,FBS,80,2,1,-93,iPhone_iPhone_2m_80.csv
50,875,FBS,80,2,1,-93,iPhone_iPhone_2m_80.csv
51,875,FBS,80,2,1,-93,iPhone_iPhone_2m_80.csv
52,875,FBS,80,2,1,-93,iPhone_iPhone_2m_80.csv
53,875,FBS,80,2,1,-93,iPhone_iPhone_2m_80.csv
54,875,FBS,80,2,1,-93,iPhone_iPhone_2m_80.csv
55,875,FBS,80,2,1,-93,iPhone_iPhone_2m_80.csv
56,875,FBS,80,2,1,-93,iPhone_iPhone_2m_80.csv
57,875,FBS,80,2,1,-93,iPhone_iPhone_2m_80.csv
58,875,FBS,80,2,1,-93,iPhone_iPhone_2m_80.csv
59,875,FBS,80,2,1,-93,iPhone_iPhone_2m_80.csv
60,875,FBS,80,2,1,-93,iPhone_iPhone_2m_80.csv
61,875,FBS,80,2,1,-93,iPhone_iPhone_2m_80.csv
62,875,FBS,80,2,1,-93,iPhone_iPhone_2m_80.csv
63,875,FBS,80,2,1,-93,iPhone_iPhone_2m_80.csv
64,875,FBS,80,2,1,-93,iPhone_iPhone_2m_80.csv
65,875,FBS,80,2,1,-93,iPhone_iPhone_2m_80.csv
66,875,FBS,80,2,1,-93,iPhone_iPhone_2m_80.csv
67,875,FBS,80,2,1,-93,iPhone_iPhone_2m_80.csv
68,875,FBS,80,2,1,-93,iPhone_iPhone_2m_80.csv
69,875,FBS,80,2,1,-95,iPhone_iPhone_2m_80.csv
70,875,FBS,80,2,1,-95,iPhone_iPhone_2m_80.csv
71,875,FBS,80,2,1,-95,iPhone_iPhone_2m_80.csv
72,875,FBS,80,2,1,-95,iPhone_iPhone_2m_80.csv
73,875,FBS,80,2,1,-94,iPhone_iPhone_2m_80.csv
74,875,FBS,80,2,1,-94,iPhone_iPhone_2m_80.csv
75,875,FBS,80,2,1,-94,iPhone_iPhone_2m_80.csv
76,875,FBS,80,2,1,-94,iPhone_iPhone_2m_80.csv
77,875,FBS,80,2,1,-94,iPhone_iPhone_2m_80.csv
78,875,FBS,80,2,1,-94,iPhone_iPhone_2m_80.csv
79,875,FBS,80,2,1,-94,iPhone_iPhone_2m_80.csv
80,875,FBS,80,2,1,-94,iPhone_iPhone_2m_80.csv
81,875,FBS,80,2,1,-94,iPhone_iPhone_2m_80.csv
82,875,FBS,80,2,1,-94,iPhone_iPhone_2m_80.csv
83,875,FBS,80,2,1,-94,iPhone_iPhone_2m_80.csv
84,875,FBS,80,2,1,-94,iPhone_iPhone_2m_80.csv
85,875,FBS,80,2,1,-94,iPhone_iPhone_2m_80.csv
86,875,FBS,80,2,1,-93,iPhone_iPhone_2m_80.csv
87,875,FBS,80,2,1,-93,iPhone_iPhone_2m_80.csv
88,875,FBS,80,2,1,-93,iPhone_iPhone_2m_80.csv
89,875,FBS,80,2,1,-93,iPhone_iPhone_2m_80.csv
90,875,FBS,80,2,1,-93,iPhone_iPhone_2m_80.csv
91,875,FBS,80,2,1,-93,iPhone_iPhone_2m_80.csv
92,875,FBS,80,2,1,-93,iPhone_iPhone_2m_80.csv
93,875,FBS,80,2,1,-93,iPhone_iPhone_2m_80.csv
94,875,FBS,80,2,1,-93,iPhone_iPhone_2m_80.csv
95,875,FBS,80,2,1,-93,iPhone_iPhone_2m_80.csv
96,875,FBS,80,2,1,-93,iPhone_iPhone_2m_80.csv
97,875,FBS,80,2,1,-94,iPhone_iPhone_2m_80.csv
98,875,FBS,80,2,1,-94,iPhone_iPhone_2m_80.csv
99,875,FBS,80,2,1,-94,iPhone_iPhone_2m_80.csv
100,875,FBS,80,2,1,-94,iPhone_iPhone_2m_80.csv
101,875,FBS,80,2,1,-94,iPhone_iPhone_2m_80.csv
102,875,FBS,80,2,1,-94,iPhone_iPhone_2m_80.csv
103,875,FBS,80,2,1,-94,iPhone_iPhone_2m_80.csv
104,875,FBS,80,2,1,-94,iPhone_iPhone_2m_80.csv
105,875,FBS,80,2,1,-94,iPhone_iPhone_2m_80.csv
106,875,FBS,80,2,1,-94,iPhone_iPhone_2m_80.csv
107,875,FBS,80,2,1,-94,iPhone_iPhone_2m_80.csv
108,875,FBS,80,2,1,-93,iPhone_iPhone_2m_80.csv
109,875,FBS,80,2,1,-93,iPhone_iPhone_2m_80.csv
110,875,FBS,80,2,1,-92,iPhone_iPhone_2m_80.csv
111,875,FBS,80,2,1,-92,iPhone_iPhone_2m_80.csv
112,875,FBS,80,2,1,-97,iPhone_iPhone_2m_80.csv
113,875,FBS,80,2,1,-97,iPhone_iPhone_2m_80.csv
114,875,FBS,80,2,1,-97,iPhone_iPhone_2m_80.csv
115,875,FBS,80,2,1,-97,iPhone_iPhone_2m_80.csv
117,875,LBS,80,2,441,-114,iPhone_iPhone_2m_80.csv
118,875,LBS,80,2,441,-114,iPhone_iPhone_2m_80.csv
119,875,LBS,80,2,441,-114,iPhone_iPhone_2m_80.csv
120,875,LBS,80,2,441,-105,iPhone_iPhone_2m_80.csv
121,875,LBS,80,2,441,-105,iPhone_iPhone_2m_80.csv
122,875,LBS,80,2,441,-105,iPhone_iPhone_2m_80.csv
123,875,LBS,80,2,441,-105,iPhone_iPhone_2m_80.csv
124,875,LBS,80,2,441,-105,iPhone_iPhone_2m_80.csv
125,875,LBS,80,2,441,-105,iPhone_iPhone_2m_80.csv
126,875,LBS,80,2,441,-105,iPhone_iPhone_2m_80.csv
127,875,LBS,80,2,441,-105,iPhone_iPhone_2m_80.csv
128,875,LBS,80,2,441,-105,iPhone_iPhone_2m_80.csv
129,875,LBS,80,2,441,-105,iPhone_iPhone_2m_80.csv
130,875,LBS,80,2,441,-105,iPhone_iPhone_2m_80.csv
1,875,LBS,85,2,441,-104,iPhone_iPhone_2m_85.csv
2,875,LBS,85,2,441,-104,iPhone_iPhone_2m_85.csv
3,875,LBS,85,2,441,-104,iPhone_iPhone_2m_85.csv
4,875,LBS,85,2,441,-104,iPhone_iPhone_2m_85.csv
5,875,LBS,85,2,441,-104,iPhone_iPhone_2m_85.csv
6,875,LBS,85,2,441,-104,iPhone_iPhone_2m_85.csv
7,875,LBS,85,2,441,-104,iPhone_iPhone_2m_85.csv
8,875,LBS,85,2,441,-104,iPhone_iPhone_2m_85.csv
9,875,LBS,85,2,441,-104,iPhone_iPhone_2m_85.csv
10,875,LBS,85,2,441,-104,iPhone_iPhone_2m_85.csv
11,875,LBS,85,2,441,-104,iPhone_iPhone_2m_85.csv
12,875,LBS,85,2,441,-104,iPhone_iPhone_2m_85.csv
13,875,LBS,85,2,441,-104,iPhone_iPhone_2m_85.csv
14,875,LBS,85,2,441,-104,iPhone_iPhone_2m_85.csv
15,875,LBS,85,2,441,-104,iPhone_iPhone_2m_85.csv
16,875,LBS,85,2,441,-104,iPhone_iPhone_2m_85.csv
17,875,LBS,85,2,441,-104,iPhone_iPhone_2m_85.csv
18,875,LBS,85,2,441,-104,iPhone_iPhone_2m_85.csv
19,875,LBS,85,2,441,-104,iPhone_iPhone_2m_85.csv
20,875,LBS,85,2,441,-104,iPhone_iPhone_2m_85.csv
21,875,LBS,85,2,441,-104,iPhone_iPhone_2m_85.csv
22,875,LBS,85,2,441,-104,iPhone_iPhone_2m_85.csv
23,875,LBS,85,2,441,-104,iPhone_iPhone_2m_85.csv
24,875,LBS,85,2,441,-104,iPhone_iPhone_2m_85.csv
27,875,FBS,85,2,1,-89,iPhone_iPhone_2m_85.csv
28,875,FBS,85,2,1,-90,iPhone_iPhone_2m_85.csv
29,875,FBS,85,2,1,-90,iPhone_iPhone_2m_85.csv
30,875,FBS,85,2,1,-89,iPhone_iPhone_2m_85.csv
31,875,FBS,85,2,1,-89,iPhone_iPhone_2m_85.csv
32,875,FBS,85,2,1,-89,iPhone_iPhone_2m_85.csv
33,875,FBS,85,2,1,-89,iPhone_iPhone_2m_85.csv
34,875,FBS,85,2,1,-90,iPhone_iPhone_2m_85.csv
35,875,FBS,85,2,1,-90,iPhone_iPhone_2m_85.csv
36,875,FBS,85,2,1,-89,iPhone_iPhone_2m_85.csv
37,875,FBS,85,2,1,-89,iPhone_iPhone_2m_85.csv
38,875,FBS,85,2,1,-89,iPhone_iPhone_2m_85.csv
39,875,FBS,85,2,1,-89,iPhone_iPhone_2m_85.csv
40,875,FBS,85,2,1,-89,iPhone_iPhone_2m_85.csv
41,875,FBS,85,2,1,-89,iPhone_iPhone_2m_85.csv
42,875,FBS,85,2,1,-89,iPhone_iPhone_2m_85.csv
43,875,FBS,85,2,1,-92,iPhone_iPhone_2m_85.csv
44,875,FBS,85,2,1,-92,iPhone_iPhone_2m_85.csv
45,875,FBS,85,2,1,-89,iPhone_iPhone_2m_85.csv
46,875,FBS,85,2,1,-89,iPhone_iPhone_2m_85.csv
47,875,FBS,85,2,1,-87,iPhone_iPhone_2m_85.csv
48,875,FBS,85,2,1,-87,iPhone_iPhone_2m_85.csv
49,875,FBS,85,2,1,-87,iPhone_iPhone_2m_85.csv
50,875,FBS,85,2,1,-87,iPhone_iPhone_2m_85.csv
51,875,FBS,85,2,1,-87,iPhone_iPhone_2m_85.csv
52,875,FBS,85,2,1,-91,iPhone_iPhone_2m_85.csv
53,875,FBS,85,2,1,-91,iPhone_iPhone_2m_85.csv
54,875,FBS,85,2,1,-88,iPhone_iPhone_2m_85.csv
55,875,FBS,85,2,1,-88,iPhone_iPhone_2m_85.csv
56,875,FBS,85,2,1,-88,iPhone_iPhone_2m_85.csv
57,875,FBS,85,2,1,-87,iPhone_iPhone_2m_85.csv
58,875,FBS,85,2,1,-87,iPhone_iPhone_2m_85.csv
59,875,FBS,85,2,1,-87,iPhone_iPhone_2m_85.csv
60,875,FBS,85,2,1,-87,iPhone_iPhone_2m_85.csv
61,875,FBS,85,2,1,-87,iPhone_iPhone_2m_85.csv
62,875,FBS,85,2,1,-87,iPhone_iPhone_2m_85.csv
63,875,FBS,85,2,1,-87,iPhone_iPhone_2m_85.csv
64,875,FBS,85,2,1,-87,iPhone_iPhone_2m_85.csv
65,875,FBS,85,2,1,-87,iPhone_iPhone_2m_85.csv
66,875,FBS,85,2,1,-87,iPhone_iPhone_2m_85.csv
67,875,FBS,85,2,1,-87,iPhone_iPhone_2m_85.csv
68,875,FBS,85,2,1,-87,iPhone_iPhone_2m_85.csv
69,875,FBS,85,2,1,-87,iPhone_iPhone_2m_85.csv
70,875,FBS,85,2,1,-88,iPhone_iPhone_2m_85.csv
71,875,FBS,85,2,1,-88,iPhone_iPhone_2m_85.csv
72,875,FBS,85,2,1,-88,iPhone_iPhone_2m_85.csv
73,875,FBS,85,2,1,-88,iPhone_iPhone_2m_85.csv
74,875,FBS,85,2,1,-88,iPhone_iPhone_2m_85.csv
75,875,FBS,85,2,1,-88,iPhone_iPhone_2m_85.csv
76,875,FBS,85,2,1,-88,iPhone_iPhone_2m_85.csv
77,875,FBS,85,2,1,-88,iPhone_iPhone_2m_85.csv
78,875,FBS,85,2,1,-88,iPhone_iPhone_2m_85.csv
79,875,FBS,85,2,1,-89,iPhone_iPhone_2m_85.csv
80,875,FBS,85,2,1,-89,iPhone_iPhone_2m_85.csv
81,875,FBS,85,2,1,-89,iPhone_iPhone_2m_85.csv
82,875,FBS,85,2,1,-89,iPhone_iPhone_2m_85.csv
83,875,FBS,85,2,1,-88,iPhone_iPhone_2m_85.csv
84,875,FBS,85,2,1,-88,iPhone_iPhone_2m_85.csv
85,875,FBS,85,2,1,-88,iPhone_iPhone_2m_85.csv
86,875,FBS,85,2,1,-88,iPhone_iPhone_2m_85.csv
87,875,FBS,85,2,1,-87,iPhone_iPhone_2m_85.csv
88,875,FBS,85,2,1,-87,iPhone_iPhone_2m_85.csv
89,875,FBS,85,2,1,-87,iPhone_iPhone_2m_85.csv
90,875,FBS,85,2,1,-87,iPhone_iPhone_2m_85.csv
91,875,FBS,85,2,1,-87,iPhone_iPhone_2m_85.csv
92,875,FBS,85,2,1,-87,iPhone_iPhone_2m_85.csv
93,875,FBS,85,2,1,-87,iPhone_iPhone_2m_85.csv
94,875,FBS,85,2,1,-87,iPhone_iPhone_2m_85.csv
95,875,FBS,85,2,1,-87,iPhone_iPhone_2m_85.csv
96,875,FBS,85,2,1,-87,iPhone_iPhone_2m_85.csv
97,875,FBS,85,2,1,-87,iPhone_iPhone_2m_85.csv
98,875,FBS,85,2,1,-87,iPhone_iPhone_2m_85.csv
99,875,FBS,85,2,1,-88,iPhone_iPhone_2m_85.csv
100,875,FBS,85,2,1,-88,iPhone_iPhone_2m_85.csv
101,875,FBS,85,2,1,-88,iPhone_iPhone_2m_85.csv
102,875,FBS,85,2,1,-88,iPhone_iPhone_2m_85.csv
103,875,FBS,85,2,1,-88,iPhone_iPhone_2m_85.csv
104,875,FBS,85,2,1,-88,iPhone_iPhone_2m_85.csv
105,875,FBS,85,2,1,-88,iPhone_iPhone_2m_85.csv
106,875,FBS,85,2,1,-88,iPhone_iPhone_2m_85.csv
107,875,FBS,85,2,1,-88,iPhone_iPhone_2m_85.csv
108,875,FBS,85,2,1,-88,iPhone_iPhone_2m_85.csv
109,875,FBS,85,2,1,-88,iPhone_iPhone_2m_85.csv
110,875,FBS,85,2,1,-87,iPhone_iPhone_2m_85.csv
111,875,FBS,85,2,1,-87,iPhone_iPhone_2m_85.csv
112,875,FBS,85,2,1,-87,iPhone_iPhone_2m_85.csv
113,875,FBS,85,2,1,-87,iPhone_iPhone_2m_85.csv
114,875,FBS,85,2,1,-87,iPhone_iPhone_2m_85.csv
115,875,FBS,85,2,1,-87,iPhone_iPhone_2m_85.csv
116,875,FBS,85,2,1,-90,iPhone_iPhone_2m_85.csv
117,875,LBS,85,2,441,-90,iPhone_iPhone_2m_85.csv
118,875,LBS,85,2,441,-90,iPhone_iPhone_2m_85.csv
1,/,LBS,90,2,441,-104,iPhone_iPhone_2m_90.csv
2,875,LBS,90,2,441,-104,iPhone_iPhone_2m_90.csv
3,875,LBS,90,2,441,-104,iPhone_iPhone_2m_90.csv
4,875,LBS,90,2,441,-104,iPhone_iPhone_2m_90.csv
5,875,LBS,90,2,441,-104,iPhone_iPhone_2m_90.csv
6,875,LBS,90,2,441,-104,iPhone_iPhone_2m_90.csv
7,875,LBS,90,2,441,-104,iPhone_iPhone_2m_90.csv
8,875,LBS,90,2,441,-104,iPhone_iPhone_2m_90.csv
9,875,LBS,90,2,441,-104,iPhone_iPhone_2m_90.csv
10,875,LBS,90,2,441,-104,iPhone_iPhone_2m_90.csv
11,875,LBS,90,2,441,-104,iPhone_iPhone_2m_90.csv
12,875,LBS,90,2,441,-104,iPhone_iPhone_2m_90.csv
13,875,LBS,90,2,441,-104,iPhone_iPhone_2m_90.csv
14,875,LBS,90,2,441,-104,iPhone_iPhone_2m_90.csv
15,875,LBS,90,2,441,-104,iPhone_iPhone_2m_90.csv
16,875,LBS,90,2,441,-104,iPhone_iPhone_2m_90.csv
17,875,LBS,90,2,441,-104,iPhone_iPhone_2m_90.csv
18,875,LBS,90,2,441,-104,iPhone_iPhone_2m_90.csv
19,875,LBS,90,2,441,-104,iPhone_iPhone_2m_90.csv
20,875,LBS,90,2,441,-104,iPhone_iPhone_2m_90.csv
21,875,LBS,90,2,441,-104,iPhone_iPhone_2m_90.csv
22,875,LBS,90,2,441,-104,iPhone_iPhone_2m_90.csv
23,875,LBS,90,2,441,-104,iPhone_iPhone_2m_90.csv
24,875,LBS,90,2,441,-104,iPhone_iPhone_2m_90.csv
25,875,LBS,90,2,441,-104,iPhone_iPhone_2m_90.csv
26,875,LBS,90,2,441,-104,iPhone_iPhone_2m_90.csv
27,875,LBS,90,2,441,-104,iPhone_iPhone_2m_90.csv
28,875,LBS,90,2,441,-104,iPhone_iPhone_2m_90.csv
29,875,LBS,90,2,441,-104,iPhone_iPhone_2m_90.csv
30,875,LBS,90,2,441,-104,iPhone_iPhone_2m_90.csv
31,875,LBS,90,2,441,-104,iPhone_iPhone_2m_90.csv
32,875,LBS,90,2,441,-104,iPhone_iPhone_2m_90.csv
33,875,LBS,90,2,441,-104,iPhone_iPhone_2m_90.csv
34,875,LBS,90,2,441,-104,iPhone_iPhone_2m_90.csv
35,875,LBS,90,2,441,-104,iPhone_iPhone_2m_90.csv
36,875,LBS,90,2,441,-104,iPhone_iPhone_2m_90.csv
37,875,LBS,90,2,441,-104,iPhone_iPhone_2m_90.csv
38,875,LBS,90,2,441,-104,iPhone_iPhone_2m_90.csv
39,875,LBS,90,2,441,-104,iPhone_iPhone_2m_90.csv
40,875,LBS,90,2,441,-104,iPhone_iPhone_2m_90.csv
41,875,LBS,90,2,441,-104,iPhone_iPhone_2m_90.csv
42,875,LBS,90,2,441,-104,iPhone_iPhone_2m_90.csv
43,875,LBS,90,2,441,-104,iPhone_iPhone_2m_90.csv
44,875,LBS,90,2,441,-104,iPhone_iPhone_2m_90.csv
45,875,LBS,90,2,441,-104,iPhone_iPhone_2m_90.csv
46,875,LBS,90,2,441,-104,iPhone_iPhone_2m_90.csv
47,875,LBS,90,2,441,-104,iPhone_iPhone_2m_90.csv
48,875,LBS,90,2,441,-104,iPhone_iPhone_2m_90.csv
49,875,LBS,90,2,441,-104,iPhone_iPhone_2m_90.csv
50,875,LBS,90,2,441,-104,iPhone_iPhone_2m_90.csv
51,875,LBS,90,2,441,-104,iPhone_iPhone_2m_90.csv
52,875,LBS,90,2,441,-104,iPhone_iPhone_2m_90.csv
53,875,LBS,90,2,441,-104,iPhone_iPhone_2m_90.csv
54,875,LBS,90,2,441,-104,iPhone_iPhone_2m_90.csv
55,875,LBS,90,2,441,-104,iPhone_iPhone_2m_90.csv
56,875,LBS,90,2,441,-104,iPhone_iPhone_2m_90.csv
57,875,LBS,90,2,441,-104,iPhone_iPhone_2m_90.csv
58,875,LBS,90,2,441,-104,iPhone_iPhone_2m_90.csv
59,875,LBS,90,2,441,-104,iPhone_iPhone_2m_90.csv
60,875,LBS,90,2,441,-104,iPhone_iPhone_2m_90.csv
61,875,LBS,90,2,441,-104,iPhone_iPhone_2m_90.csv
62,875,LBS,90,2,441,-104,iPhone_iPhone_2m_90.csv
63,875,LBS,90,2,441,-104,iPhone_iPhone_2m_90.csv
64,875,LBS,90,2,441,-104,iPhone_iPhone_2m_90.csv
65,875,LBS,90,2,441,-104,iPhone_iPhone_2m_90.csv
66,875,LBS,90,2,441,-104,iPhone_iPhone_2m_90.csv
67,875,LBS,90,2,441,-104,iPhone_iPhone_2m_90.csv
68,875,LBS,90,2,441,-104,iPhone_iPhone_2m_90.csv
69,875,LBS,90,2,441,-104,iPhone_iPhone_2m_90.csv
70,875,LBS,90,2,441,-104,iPhone_iPhone_2m_90.csv
71,875,LBS,90,2,441,-104,iPhone_iPhone_2m_90.csv
72,875,LBS,90,2,441,-104,iPhone_iPhone_2m_90.csv
73,875,LBS,90,2,441,-104,iPhone_iPhone_2m_90.csv
74,875,LBS,90,2,441,-104,iPhone_iPhone_2m_90.csv
75,875,LBS,90,2,441,-104,iPhone_iPhone_2m_90.csv
76,875,LBS,90,2,441,-104,iPhone_iPhone_2m_90.csv
77,875,LBS,90,2,441,-104,iPhone_iPhone_2m_90.csv
78,875,LBS,90,2,441,-104,iPhone_iPhone_2m_90.csv
79,875,LBS,90,2,441,-104,iPhone_iPhone_2m_90.csv
80,875,LBS,90,2,441,-104,iPhone_iPhone_2m_90.csv
81,875,LBS,90,2,441,-104,iPhone_iPhone_2m_90.csv
82,875,LBS,90,2,441,-104,iPhone_iPhone_2m_90.csv
83,875,LBS,90,2,441,-104,iPhone_iPhone_2m_90.csv
84,875,LBS,90,2,441,-104,iPhone_iPhone_2m_90.csv
85,875,LBS,90,2,441,-104,iPhone_iPhone_2m_90.csv
86,875,LBS,90,2,441,-104,iPhone_iPhone_2m_90.csv
87,875,LBS,90,2,441,-104,iPhone_iPhone_2m_90.csv
88,875,LBS,90,2,441,-104,iPhone_iPhone_2m_90.csv
89,875,LBS,90,2,441,-104,iPhone_iPhone_2m_90.csv
90,875,LBS,90,2,441,-104,iPhone_iPhone_2m_90.csv
91,875,LBS,90,2,441,-104,iPhone_iPhone_2m_90.csv
92,875,LBS,90,2,441,-104,iPhone_iPhone_2m_90.csv
93,875,LBS,90,2,441,-104,iPhone_iPhone_2m_90.csv
94,875,LBS,90,2,441,-104,iPhone_iPhone_2m_90.csv
95,875,LBS,90,2,441,-104,iPhone_iPhone_2m_90.csv
96,875,LBS,90,2,441,-104,iPhone_iPhone_2m_90.csv
97,875,LBS,90,2,441,-104,iPhone_iPhone_2m_90.csv
98,875,LBS,90,2,441,-104,iPhone_iPhone_2m_90.csv
99,875,LBS,90,2,441,-104,iPhone_iPhone_2m_90.csv
100,875,LBS,90,2,441,-104,iPhone_iPhone_2m_90.csv
101,875,LBS,90,2,441,-104,iPhone_iPhone_2m_90.csv
102,875,LBS,90,2,441,-104,iPhone_iPhone_2m_90.csv
103,875,LBS,90,2,441,-104,iPhone_iPhone_2m_90.csv
104,875,LBS,90,2,441,-104,iPhone_iPhone_2m_90.csv
105,875,LBS,90,2,441,-104,iPhone_iPhone_2m_90.csv
106,875,LBS,90,2,441,-104,iPhone_iPhone_2m_90.csv
107,875,LBS,90,2,441,-104,iPhone_iPhone_2m_90.csv
108,875,LBS,90,2,441,-104,iPhone_iPhone_2m_90.csv
109,875,LBS,90,2,441,-104,iPhone_iPhone_2m_90.csv
110,875,LBS,90,2,441,-104,iPhone_iPhone_2m_90.csv
111,875,LBS,90,2,441,-104,iPhone_iPhone_2m_90.csv
112,875,LBS,90,2,441,-104,iPhone_iPhone_2m_90.csv
113,875,LBS,90,2,441,-104,iPhone_iPhone_2m_90.csv
114,875,LBS,90,2,441,-104,iPhone_iPhone_2m_90.csv
115,875,LBS,90,2,441,-104,iPhone_iPhone_2m_90.csv
116,875,LBS,90,2,441,-104,iPhone_iPhone_2m_90.csv
117,875,LBS,90,2,441,-104,iPhone_iPhone_2m_90.csv
118,875,LBS,90,2,441,-104,iPhone_iPhone_2m_90.csv
119,875,LBS,90,2,441,-104,iPhone_iPhone_2m_90.csv
120,875,LBS,90,2,441,-104,iPhone_iPhone_2m_90.csv
121,875,LBS,90,2,441,-104,iPhone_iPhone_2m_90.csv
122,875,LBS,90,2,441,-104,iPhone_iPhone_2m_90.csv
123,875,LBS,90,2,441,-104,iPhone_iPhone_2m_90.csv
124,875,LBS,90,2,441,-104,iPhone_iPhone_2m_90.csv
127,875,LBS,90,2,441,-104,iPhone_iPhone_2m_90.csv
135,875,LBS,90,2,441,-104,iPhone_iPhone_2m_90.csv
136,875,LBS,90,2,441,-104,iPhone_iPhone_2m_90.csv
137,875,LBS,90,2,441,-104,iPhone_iPhone_2m_90.csv
138,875,LBS,90,2,441,-104,iPhone_iPhone_2m_90.csv
139,875,LBS,90,2,441,-104,iPhone_iPhone_2m_90.csv
140,875,LBS,90,2,441,-104,iPhone_iPhone_2m_90.csv
141,875,LBS,90,2,441,-104,iPhone_iPhone_2m_90.csv
185,875,LBS,90,2,441,-104,iPhone_iPhone_2m_90.csv
186,875,LBS,90,2,441,-104,iPhone_iPhone_2m_90.csv
187,875,LBS,90,2,441,-104,iPhone_iPhone_2m_90.csv
188,875,LBS,90,2,441,-104,iPhone_iPhone_2m_90.csv
189,875,LBS,90,2,441,-104,iPhone_iPhone_2m_90.csv
190,875,LBS,90,2,441,-104,iPhone_iPhone_2m_90.csv
191,875,LBS,90,2,441,-104,iPhone_iPhone_2m_90.csv
192,875,LBS,90,2,441,-104,iPhone_iPhone_2m_90.csv
193,875,LBS,90,2,441,-104,iPhone_iPhone_2m_90.csv
194,875,LBS,90,2,441,-104,iPhone_iPhone_2m_90.csv
195,875,LBS,90,2,441,-104,iPhone_iPhone_2m_90.csv
196,875,LBS,90,2,441,-104,iPhone_iPhone_2m_90.csv
197,875,LBS,90,2,441,-104,iPhone_iPhone_2m_90.csv
198,875,LBS,90,2,441,-104,iPhone_iPhone_2m_90.csv
199,875,LBS,90,2,441,-104,iPhone_iPhone_2m_90.csv
200,875,LBS,90,2,441,-104,iPhone_iPhone_2m_90.csv
201,875,LBS,90,2,441,-104,iPhone_iPhone_2m_90.csv
202,875,LBS,90,2,441,-104,iPhone_iPhone_2m_90.csv
203,875,LBS,90,2,441,-104,iPhone_iPhone_2m_90.csv
204,875,LBS,90,2,441,-104,iPhone_iPhone_2m_90.csv
205,875,LBS,90,2,441,-104,iPhone_iPhone_2m_90.csv
206,875,LBS,90,2,441,-103,iPhone_iPhone_2m_90.csv
207,875,LBS,90,2,441,-103,iPhone_iPhone_2m_90.csv
208,875,LBS,90,2,441,-103,iPhone_iPhone_2m_90.csv
209,875,LBS,90,2,441,-103,iPhone_iPhone_2m_90.csv
210,875,LBS,90,2,441,-103,iPhone_iPhone_2m_90.csv
211,875,FBS,90,2,1,-89,iPhone_iPhone_2m_90.csv
212,875,FBS,90,2,1,-86,iPhone_iPhone_2m_90.csv
213,875,FBS,90,2,1,-86,iPhone_iPhone_2m_90.csv
214,875,FBS,90,2,1,-86,iPhone_iPhone_2m_90.csv
215,875,FBS,90,2,1,-86,iPhone_iPhone_2m_90.csv
216,875,FBS,90,2,1,-87,iPhone_iPhone_2m_90.csv
217,875,FBS,90,2,1,-87,iPhone_iPhone_2m_90.csv
218,875,FBS,90,2,1,-87,iPhone_iPhone_2m_90.csv
219,875,FBS,90,2,1,-87,iPhone_iPhone_2m_90.csv
220,875,FBS,90,2,1,-87,iPhone_iPhone_2m_90.csv
221,875,FBS,90,2,1,-87,iPhone_iPhone_2m_90.csv
222,875,FBS,90,2,1,-88,iPhone_iPhone_2m_90.csv
223,875,FBS,90,2,1,-88,iPhone_iPhone_2m_90.csv
224,875,FBS,90,2,1,-87,iPhone_iPhone_2m_90.csv
225,875,FBS,90,2,1,-87,iPhone_iPhone_2m_90.csv
226,875,FBS,90,2,1,-87,iPhone_iPhone_2m_90.csv
227,875,FBS,90,2,1,-82,iPhone_iPhone_2m_90.csv
228,875,FBS,90,2,1,-82,iPhone_iPhone_2m_90.csv
229,875,FBS,90,2,1,-82,iPhone_iPhone_2m_90.csv
230,875,FBS,90,2,1,-82,iPhone_iPhone_2m_90.csv
231,875,FBS,90,2,1,-82,iPhone_iPhone_2m_90.csv
232,875,FBS,90,2,1,-84,iPhone_iPhone_2m_90.csv
233,875,FBS,90,2,1,-84,iPhone_iPhone_2m_90.csv
234,875,FBS,90,2,1,-84,iPhone_iPhone_2m_90.csv
235,875,FBS,90,2,1,-84,iPhone_iPhone_2m_90.csv
236,875,FBS,90,2,1,-84,iPhone_iPhone_2m_90.csv
237,875,FBS,90,2,1,-84,iPhone_iPhone_2m_90.csv
238,875,FBS,90,2,1,-84,iPhone_iPhone_2m_90.csv
239,875,FBS,90,2,1,-84,iPhone_iPhone_2m_90.csv
240,875,FBS,90,2,1,-86,iPhone_iPhone_2m_90.csv
241,875,FBS,90,2,1,-86,iPhone_iPhone_2m_90.csv
242,875,FBS,90,2,1,-86,iPhone_iPhone_2m_90.csv
243,875,FBS,90,2,1,-86,iPhone_iPhone_2m_90.csv
244,875,FBS,90,2,1,-85,iPhone_iPhone_2m_90.csv
245,875,FBS,90,2,1,-85,iPhone_iPhone_2m_90.csv
246,875,FBS,90,2,1,-85,iPhone_iPhone_2m_90.csv
247,875,FBS,90,2,1,-85,iPhone_iPhone_2m_90.csv
248,875,FBS,90,2,1,-85,iPhone_iPhone_2m_90.csv
249,875,FBS,90,2,1,-85,iPhone_iPhone_2m_90.csv
250,875,FBS,90,2,1,-85,iPhone_iPhone_2m_90.csv
